,mean_fit_time,std_fit_time,mean_score_time,std_score_time,param_n_neighbors,param_p,param_weights,params,split0_test_accuracy,split1_test_accuracy,split2_test_accuracy,split3_test_accuracy,split4_test_accuracy,mean_test_accuracy,std_test_accuracy,rank_test_accuracy,split0_train_accuracy,split1_train_accuracy,split2_train_accuracy,split3_train_accuracy,split4_train_accuracy,mean_train_accuracy,std_train_accuracy,split0_test_recall_overall,split1_test_recall_overall,split2_test_recall_overall,split3_test_recall_overall,split4_test_recall_overall,mean_test_recall_overall,std_test_recall_overall,rank_test_recall_overall,split0_train_recall_overall,split1_train_recall_overall,split2_train_recall_overall,split3_train_recall_overall,split4_train_recall_overall,mean_train_recall_overall,std_train_recall_overall,split0_test_recall_deceased,split1_test_recall_deceased,split2_test_recall_deceased,split3_test_recall_deceased,split4_test_recall_deceased,mean_test_recall_deceased,std_test_recall_deceased,rank_test_recall_deceased,split0_train_recall_deceased,split1_train_recall_deceased,split2_train_recall_deceased,split3_train_recall_deceased,split4_train_recall_deceased,mean_train_recall_deceased,std_train_recall_deceased,split0_test_f1_deceased,split1_test_f1_deceased,split2_test_f1_deceased,split3_test_f1_deceased,split4_test_f1_deceased,mean_test_f1_deceased,std_test_f1_deceased,rank_test_f1_deceased,split0_train_f1_deceased,split1_train_f1_deceased,split2_train_f1_deceased,split3_train_f1_deceased,split4_train_f1_deceased,mean_train_f1_deceased,std_train_f1_deceased,split0_test_precison,split1_test_precison,split2_test_precison,split3_test_precison,split4_test_precison,mean_test_precison,std_test_precison,rank_test_precison,split0_train_precison,split1_train_precison,split2_train_precison,split3_train_precison,split4_train_precison,mean_train_precison,std_train_precison
0,16.747373199462892,1.8539752044732638,9.5773916721344,0.3889243875935033,2,1,distance,"{'n_neighbors': 2, 'p': 1, 'weights': 'distance'}",0.775987052375318,0.7749534184721258,0.7745182041970977,0.7773742978769703,0.7775616788618992,0.7760789303566822,0.0012318770111735297,49,0.9098185354309826,0.9106413652174209,0.9114165932806768,0.9099545403543609,0.9117365049573626,0.9107135078481609,0.0007645997716683319,0.775987052375318,0.7749534184721258,0.7745182041970977,0.7773742978769703,0.7775616788618992,0.7760789303566822,0.0012318770111735297,49,0.9098185354309826,0.9106413652174209,0.9114165932806768,0.9099545403543609,0.9117365049573626,0.9107135078481609,0.0007645997716683319,0.08777777777777777,0.09555555555555556,0.08777777777777777,0.09444444444444444,0.09454949944382647,0.0920210109998764,0.0034862399527790435,4,0.792720200055571,0.7827174215059739,0.7799388719088636,0.7854959711030842,0.7772222222222223,0.7836189373591429,0.005322214115197771,0.06932865291794646,0.07580431908329661,0.07129963898916968,0.07936507936507936,0.07626738447734409,0.07441301496656724,0.0036177673405798118,27,0.6161321671525753,0.6158723218189769,0.6230854605993341,0.6171141672123991,0.6234402852049911,0.6191288803976553,0.0034025658428157276,0.7757585387165243,0.7747266869099894,0.7737552089856472,0.775800435337017,0.7768952738297604,0.7753872287557877,0.0010660783058506536,50,0.9177914855242857,0.9186251173387439,0.9188664821874183,0.9179488568141957,0.9189869005406339,0.9184437684810554,0.0004851757070505609
1,8.378435277938843,0.8746571602644508,6.106320476531982,0.06892167874696388,2,1,uniform,"{'n_neighbors': 2, 'p': 1, 'weights': 'uniform'}",0.7739741863533124,0.7734573694017164,0.7729269520040257,0.7743821997361513,0.7758752006093083,0.7741231816209029,0.0010033077012598195,50,0.8579462576545271,0.8585752804251514,0.8599625306436093,0.8579666583930339,0.8592557835897018,0.8587413021412047,0.000776636607238004,0.7739741863533124,0.7734573694017164,0.7729269520040257,0.7743821997361513,0.7758752006093083,0.7741231816209029,0.0010033077012598195,50,0.8579462576545271,0.8585752804251514,0.8599625306436093,0.8579666583930339,0.8592557835897018,0.8587413021412047,0.000776636607238004,0.14,0.13666666666666666,0.12777777777777777,0.12777777777777777,0.12569521690767518,0.13158348782597945,0.005662419565012129,1,0.792720200055571,0.7827174215059739,0.7799388719088636,0.7854959711030842,0.7772222222222223,0.7836189373591429,0.005322214115197771,0.09190371991247266,0.09070796460176991,0.08725341426403642,0.08856372737774355,0.08692307692307694,0.0890703806158199,0.0019431145234921634,1,0.5282844181094343,0.5267389678384442,0.5337516638144134,0.5260024188296585,0.5319391634980989,0.5293433264180099,0.0030079043428183237,0.7795259383847267,0.778170779181153,0.776232774303484,0.777892981153183,0.7792460267448389,0.7782136999534771,0.0011675990302300954,43,0.8784222237578267,0.8793649891412284,0.8797464573610978,0.8787434869579456,0.8790269493124266,0.8790608213061051,0.00046309180536352766
2,8.368445253372192,0.8846618785741412,5.104927206039429,0.05400721386608877,2,2,distance,"{'n_neighbors': 2, 'p': 2, 'weights': 'distance'}",0.7737021774314198,0.7721109252383478,0.7720701239000639,0.7742325948291104,0.7750183608519435,0.7734268364501771,0.0011687857291773967,51,0.9098185354309826,0.9106413652174209,0.9114165932806768,0.9099545403543609,0.9117365049573626,0.9107135078481609,0.0007645997716683319,0.7737021774314198,0.7721109252383478,0.7720701239000639,0.7742325948291104,0.7750183608519435,0.7734268364501771,0.0011687857291773967,51,0.9098185354309826,0.9106413652174209,0.9114165932806768,0.9099545403543609,0.9117365049573626,0.9107135078481609,0.0007645997716683319,0.08666666666666667,0.09888888888888889,0.08222222222222222,0.09777777777777778,0.09566184649610679,0.09224348041033248,0.006603053764719171,3,0.792720200055571,0.7827174215059739,0.7799388719088636,0.7854959711030842,0.7772222222222223,0.7836189373591429,0.005322214115197771,0.06857142857142857,0.07869142351900972,0.06715063520871142,0.08224299065420561,0.07726864330637916,0.0747850242519469,0.0058981734298492365,26,0.6161321671525753,0.6158723218189769,0.6230854605993341,0.6171141672123991,0.6234402852049911,0.6191288803976553,0.0034025658428157276,0.7732625045124589,0.7716110316062953,0.7710505047186726,0.7724074981099835,0.7741820842586269,0.7725027246412075,0.0011234448310037174,52,0.9177914855242857,0.9186251173387439,0.9188664821874183,0.9179488568141957,0.9189869005406339,0.9184437684810554,0.0004851757070505609
3,8.370873069763183,0.8957571963353251,6.573431348800659,0.06305093369966235,2,2,uniform,"{'n_neighbors': 2, 'p': 2, 'weights': 'uniform'}",0.7715941082867518,0.7703700681382349,0.7713901015953323,0.7721517265766317,0.772964665560482,0.7716941340314867,0.0008578149759779017,52,0.8563856011587619,0.8570384247909775,0.8584766768557022,0.8566372102670117,0.8580045425489956,0.8573084911242898,0.0008030473449453984,0.7715941082867518,0.7703700681382349,0.7713901015953323,0.7721517265766317,0.772964665560482,0.7716941340314867,0.0008578149759779017,52,0.8563856011587619,0.8570384247909775,0.8584766768557022,0.8566372102670117,0.8580045425489956,0.8573084911242898,0.0008030473449453984,0.1288888888888889,0.1322222222222222,0.12555555555555556,0.12777777777777777,0.12458286985539488,0.12780546285996786,0.002688104545569293,2,0.792720200055571,0.7827174215059739,0.7799388719088636,0.7854959711030842,0.7772222222222223,0.7836189373591429,0.005322214115197771,0.08541973490427097,0.08867362146050671,0.08619374523264685,0.08887171561051005,0.08500948766603417,0.08683366097479375,0.001629442152240579,2,0.5291172106824926,0.5272812353766964,0.5345139483956964,0.5258556547619048,0.5326987148976677,0.5298933528228915,0.0032541825279026196,0.7765169412831534,0.7741559905638704,0.7743236730401126,0.7752318409534449,0.7761037674116626,0.7752664426504488,0.0009368004310773121,51,0.877188253752886,0.8781596882343387,0.8785786438805612,0.8777048217181492,0.8780475659395598,0.877935794705099,0.0004664851936807173
4,8.36710557937622,0.9120852434762325,4.996978521347046,0.05798578691798184,3,1,distance,"{'n_neighbors': 3, 'p': 1, 'weights': 'distance'}",0.7837393066492581,0.7813456281366029,0.7793327621145973,0.7831408870210943,0.7836955634741452,0.7822508294791396,0.001698795434701649,45,0.9209029366863081,0.9209811395172506,0.9218005691806044,0.9213313521949494,0.9211310130972296,0.9212294021352685,0.00032078654211887994,0.7837393066492581,0.7813456281366029,0.7793327621145973,0.7831408870210943,0.7836955634741452,0.7822508294791396,0.001698795434701649,45,0.9209029366863081,0.9209811395172506,0.9218005691806044,0.9213313521949494,0.9211310130972296,0.9212294021352685,0.00032078654211887994,0.08,0.08555555555555555,0.08333333333333333,0.07444444444444444,0.08008898776418243,0.08068446421950315,0.0037551289899579593,7,0.7232564601278133,0.720755765490414,0.7165879410947485,0.7218671853292581,0.7166666666666667,0.7198268037417802,0.002730031774871682,0.07787993510005409,0.08004158004158003,0.08125677139761646,0.0749440715883669,0.07700534759358289,0.07822554114424007,0.002229919837599628,11,0.6535274918403213,0.636798821652142,0.6522508851795651,0.6488511488511488,0.6523388116308471,0.6487534318308048,0.006177394764002452,0.7823782688094637,0.7809621426750628,0.778140152718887,0.7813448882631852,0.7829283185129933,0.7811507541959184,0.0016615360738293685,32,0.9216546556337436,0.9219846106400649,0.9224446292340154,0.9221282390355818,0.9217307646438374,0.9219885798374486,0.0002847720302757292
5,8.364191627502441,0.8997207534853159,6.466084051132202,0.08075614265221985,3,1,uniform,"{'n_neighbors': 3, 'p': 1, 'weights': 'uniform'}",0.7815496348280223,0.7793735634528812,0.7772654943082133,0.7799583826349504,0.7814242580855751,0.7799142666619285,0.0015661931106549318,46,0.8651069168703908,0.8653245247477959,0.866541768812031,0.8657087386563393,0.865178777863914,0.8655721453900942,0.0005275071315997336,0.7815496348280223,0.7793735634528812,0.7772654943082133,0.7799583826349504,0.7814242580855751,0.7799142666619285,0.0015661931106549318,46,0.8651069168703908,0.8653245247477959,0.866541768812031,0.8657087386563393,0.865178777863914,0.8655721453900942,0.0005275071315997336,0.1,0.09555555555555556,0.08555555555555555,0.08,0.08453837597330367,0.08912989741688296,0.0074385647598695995,5,0.4181717143651014,0.4198388441233676,0.40733537093637123,0.4131703250903029,0.4041666666666667,0.4125365842363619,0.006042970435318158,0.08666345690900337,0.0812470477090222,0.07727044656297039,0.07358201328564129,0.07592407592407592,0.07893740807814263,0.004594898268922225,8,0.3755927127526828,0.3675057764806032,0.37076378351036926,0.370130678282514,0.36807487983809767,0.37041356617285337,0.002861850160441172,0.7822492289192522,0.7810023582588954,0.7775568732105469,0.7797827003202253,0.7820166018241134,0.7805215525066066,0.001719676615054635,34,0.8657418258068869,0.8663805636596638,0.8670815345374016,0.8664147712418192,0.865782063524566,0.8662801517540675,0.0004915904865776238
6,8.390918254852295,0.9346580754219965,5.481236553192138,0.07038474675378742,3,2,distance,"{'n_neighbors': 3, 'p': 2, 'weights': 'distance'}",0.7811688223373726,0.7786935411481497,0.7775103023379167,0.7813456281366029,0.7806082202214183,0.7798653028362922,0.0015074153459950412,47,0.9209029366863081,0.9209811395172506,0.9218005691806044,0.9213313521949494,0.9211310130972296,0.9212294021352685,0.00032078654211887994,0.7811688223373726,0.7786935411481497,0.7775103023379167,0.7813456281366029,0.7806082202214183,0.7798653028362922,0.0015074153459950412,47,0.9209029366863081,0.9209811395172506,0.9218005691806044,0.9213313521949494,0.9211310130972296,0.9212294021352685,0.00032078654211887994,0.08,0.08777777777777777,0.08,0.07222222222222222,0.08008898776418243,0.08001779755283647,0.004919227365729847,8,0.7232564601278133,0.720755765490414,0.7165879410947485,0.7218671853292581,0.7166666666666667,0.7198268037417802,0.002730031774871682,0.07821835958718089,0.08315789473684211,0.07864554888039324,0.07295173961840629,0.077502691065662,0.0780952467776969,0.0032482358810858305,12,0.6535274918403213,0.636798821652142,0.6522508851795651,0.6488511488511488,0.6523388116308471,0.6487534318308048,0.006177394764002452,0.7795338942701037,0.7780182877392661,0.7762073668257934,0.7793682279570961,0.7796824448183274,0.7785620443221173,0.0013183246170579465,40,0.9216546556337436,0.9219846106400649,0.9224446292340154,0.9221282390355818,0.9217307646438374,0.9219885798374486,0.0002847720302757292
7,8.432799005508423,0.8981359257397925,7.0105749607086185,0.1308143228315525,3,2,uniform,"{'n_neighbors': 3, 'p': 2, 'weights': 'uniform'}",0.7784623335645409,0.776571871557387,0.7751846260557347,0.7773470969847811,0.7777248864347306,0.7770581629194349,0.001117704612944675,48,0.863355853481896,0.863437456435923,0.8645152954536954,0.8637740686212841,0.8630571082731514,0.86362795645319,0.0004989824036380989,0.7784623335645409,0.776571871557387,0.7751846260557347,0.7773470969847811,0.7777248864347306,0.7770581629194349,0.001117704612944675,48,0.863355853481896,0.863437456435923,0.8645152954536954,0.8637740686212841,0.8630571082731514,0.86362795645319,0.0004989824036380989,0.09888888888888889,0.09555555555555556,0.08444444444444445,0.07555555555555556,0.08231368186874305,0.0873516252626375,0.008641675285692846,6,0.42233953876076685,0.4206724090025007,0.4098360655737705,0.4126146151708808,0.4038888888888889,0.41387030347936155,0.0068626095857710475,0.08574181117533719,0.08225729316116691,0.07661290322580645,0.06921119592875319,0.07359522625559424,0.0774836859493316,0.005921088253746186,15,0.37843893937507783,0.3665415809224065,0.37308713797900594,0.37074023218075147,0.366385284112385,0.3710386349139253,0.0044928183449010044,0.7788914129590861,0.7777421645442169,0.7752681971445504,0.7770223444827636,0.7782552960881426,0.777435883043752,0.001245286290641536,48,0.8639501315626569,0.8644917063996134,0.8649755279787508,0.8643737717273697,0.8636346468680235,0.8642851569072828,0.00046098433556027743
8,8.36345615386963,0.8821555849556739,5.249109077453613,0.09112096158247357,4,1,distance,"{'n_neighbors': 4, 'p': 1, 'weights': 'distance'}",0.7896691011465176,0.7872890230799571,0.7842561236008541,0.7888394739347451,0.7886461931833637,0.7877399829890874,0.0019022216063195505,33,0.9228478070906166,0.9227696042596742,0.9240480505394295,0.9228750080752923,0.9233172848069416,0.9231715509543909,0.0004782883632749881,0.7896691011465176,0.7872890230799571,0.7842561236008541,0.7888394739347451,0.7886461931833637,0.7877399829890874,0.0019022216063195505,33,0.9228478070906166,0.9227696042596742,0.9240480505394295,0.9228750080752923,0.9233172848069416,0.9231715509543909,0.0004782883632749881,0.06555555555555556,0.07111111111111111,0.07444444444444444,0.06111111111111111,0.058954393770856504,0.06623532319861573,0.005846273108479327,10,0.6740761322589608,0.6607390941928314,0.6704640177827175,0.6699083078632954,0.6658333333333334,0.6682041770862277,0.004557173727988955,0.07824933687002653,0.08527648234510327,0.08975217682518417,0.07539410555174778,0.07104557640750671,0.07994353559991368,0.006743753621868904,5,0.7050276082534147,0.7049058840966357,0.7050401753104456,0.6997533014076331,0.7068711294603364,0.7043196197056931,0.0023968987849539826,0.7842563041243215,0.7820692923349026,0.7788138534245785,0.7829354495183769,0.7831140734867705,0.78223779457779,0.0018482821190717157,28,0.9250465436387115,0.9248534885739088,0.9260546764291915,0.9249528588947523,0.9253494392887256,0.9252514013650579,0.0004345782201436022
9,8.363872718811034,0.9034511512943448,6.755245399475098,0.08311095712370055,4,1,uniform,"{'n_neighbors': 4, 'p': 1, 'weights': 'uniform'}",0.7908931412950345,0.7889618779495967,0.786663402559604,0.7887170699198933,0.7903326714359546,0.7891136326320166,0.0014721837903808467,27,0.8515982278558484,0.8509692050852241,0.8526896673659586,0.8516288289636085,0.8515171297618562,0.8516806118064991,0.0005586568897301271,0.7908931412950345,0.7889618779495967,0.786663402559604,0.7887170699198933,0.7903326714359546,0.7891136326320166,0.0014721837903808467,27,0.8515982278558484,0.8509692050852241,0.8526896673659586,0.8516288289636085,0.8515171297618562,0.8516806118064991,0.0005586568897301271,0.057777777777777775,0.05444444444444444,0.058888888888888886,0.05555555555555555,0.04560622914349277,0.05445457916203189,0.004694939862779333,28,0.17032509030286191,0.15282022784106697,0.16615726590719646,0.16615726590719646,0.16444444444444445,0.16398085888055328,0.005907577578088084,0.08688387635756056,0.08340425531914894,0.09067579127459366,0.08389261744966443,0.07118055555555555,0.08320741919130463,0.006548993951702095,3,0.25504472644060744,0.238353196099675,0.2529610829103215,0.24875207986688855,0.25234441602728047,0.2494911002689546,0.005926618166227537,0.7830616696832357,0.7805883421602744,0.7779144540094042,0.7803760219169865,0.7813639816624527,0.7806608938864708,0.0016665776091968067,33,0.8531748255123764,0.8524387952774624,0.8542554632990352,0.8529361838316085,0.8532276102490541,0.8532065756339074,0.0005940057679521696
10,8.36710033416748,0.9046204549950683,5.948130512237549,0.4322000258612843,4,2,distance,"{'n_neighbors': 4, 'p': 2, 'weights': 'distance'}",0.7864729963142791,0.7837529070953527,0.7821616549022808,0.7860513824853456,0.7850828278432119,0.784704353728094,0.0015783785186127533,44,0.9228478070906166,0.9227696042596742,0.9240480505394295,0.9228750080752923,0.9233172848069416,0.9231715509543909,0.0004782883632749881,0.7864729963142791,0.7837529070953527,0.7821616549022808,0.7860513824853456,0.7850828278432119,0.784704353728094,0.0015783785186127533,44,0.9228478070906166,0.9227696042596742,0.9240480505394295,0.9228750080752923,0.9233172848069416,0.9231715509543909,0.0004782883632749881,0.06333333333333334,0.07,0.07222222222222222,0.06666666666666667,0.058954393770856504,0.06623532319861575,0.004725151575037217,9,0.6740761322589608,0.6607390941928314,0.6704640177827175,0.6699083078632954,0.6658333333333334,0.6682041770862277,0.004557173727988955,0.07666442501681238,0.08548168249660788,0.08795669824086604,0.08241758241758242,0.07171853856562924,0.08084778534749959,0.0059214450705192545,4,0.7050276082534147,0.7049058840966357,0.7050401753104456,0.6997533014076331,0.7068711294603364,0.7043196197056931,0.0023968987849539826,0.7806939129486881,0.7782099049827627,0.7764803437311355,0.7800221166475704,0.7793942224721707,0.7789601001564656,0.00148555933832742,39,0.9250465436387115,0.9248534885739088,0.9260546764291915,0.9249528588947523,0.9253494392887256,0.9252514013650579,0.0004345782201436022
11,8.60968804359436,1.0598083971435666,7.265737247467041,0.14198100656198392,4,2,uniform,"{'n_neighbors': 4, 'p': 2, 'weights': 'uniform'}",0.7862145878384811,0.7850313490282481,0.7835080990656493,0.7855617664259388,0.7874221363871283,0.7855475877490891,0.001294993378923247,42,0.849139938865787,0.8486435208954564,0.8499287674213807,0.8490821367733512,0.8486678363050308,0.8490924400522012,0.00046553679010136195,0.7862145878384811,0.7850313490282481,0.7835080990656493,0.7855617664259388,0.7874221363871283,0.7855475877490891,0.001294993378923247,42,0.849139938865787,0.8486435208954564,0.8499287674213807,0.8490821367733512,0.8486678363050308,0.8490924400522012,0.00046553679010136195,0.051111111111111114,0.052222222222222225,0.052222222222222225,0.05444444444444444,0.04338153503893215,0.05067630700778643,0.0038047685902783076,33,0.1667129758266185,0.15282022784106697,0.1647679911086413,0.16365657126979716,0.16416666666666666,0.1624248865425581,0.004912802922077304,0.077834179357022,0.08020477815699659,0.08117443868739206,0.08193979933110367,0.06866197183098591,0.07796303347270003,0.004851382492056895,13,0.250888563662973,0.23850823937554205,0.25239412640987446,0.24664991624790622,0.25229455709711845,0.24814708055868281,0.005251732095935217,0.7776549908758121,0.776120397217986,0.774229352009376,0.7767362167558007,0.7780696632071544,0.7765621240132259,0.0013516129969163226,49,0.8507906804550165,0.8502813702421498,0.8517465249617038,0.8505339752120407,0.8505366164557957,0.8507778334653413,0.0005104226651800176
12,8.631493043899535,1.0202346145627743,5.689550924301147,0.1469938949555407,5,1,distance,"{'n_neighbors': 5, 'p': 1, 'weights': 'distance'}",0.7912331524474002,0.7887850721503665,0.7848001414446394,0.790172317652019,0.7910535048826266,0.7892088377154104,0.002368337845081693,26,0.9259657199590625,0.9256019067890258,0.9260133216822449,0.9258161145433464,0.9255613584125559,0.9257916842772472,0.00018388795214594427,0.7912331524474002,0.7887850721503665,0.7848001414446394,0.790172317652019,0.7910535048826266,0.7892088377154104,0.002368337845081693,26,0.9259657199590625,0.9256019067890258,0.9260133216822449,0.9258161145433464,0.9255613584125559,0.9257916842772472,0.00018388795214594427,0.06222222222222222,0.07444444444444444,0.07222222222222222,0.05555555555555555,0.05672969966629588,0.06423482882214807,0.007794126479482627,11,0.6710197277021395,0.6632397888302306,0.6712975826618505,0.6699083078632954,0.6694444444444444,0.668981970300392,0.0029515808471916698,0.07552258934592043,0.09023569023569022,0.08910212474297462,0.0704225352112676,0.06948228882833786,0.07895304567283815,0.00899482905737559,7,0.7058307759754494,0.7047534691467375,0.7049897869857018,0.699854862119013,0.7055035128805621,0.7041864814214929,0.0021985439334264935,0.7863332017290241,0.7843657666233274,0.7800517621043971,0.7847720151224659,0.7863093438381662,0.784366417883476,0.002298867721156346,10,0.9263358447300465,0.9259979249687281,0.926422285939934,0.9262169065725515,0.9259050420960371,0.9261756008614593,0.00019647318164844885
13,8.57470531463623,0.9320267649132021,7.277683687210083,0.1366498669575879,5,1,uniform,"{'n_neighbors': 5, 'p': 1, 'weights': 'uniform'}",0.790172317652019,0.7884994627823793,0.7852761570579515,0.7879010431542155,0.7897478442999755,0.7883193649893082,0.0017287295680648359,30,0.8514146212092878,0.8508604011465215,0.8517478332715644,0.8512344146858116,0.8506024997619922,0.8511719540150355,0.000403923001783462,0.790172317652019,0.7884994627823793,0.7852761570579515,0.7879010431542155,0.7897478442999755,0.7883193649893082,0.0017287295680648359,30,0.8514146212092878,0.8508604011465215,0.8517478332715644,0.8512344146858116,0.8506024997619922,0.8511719540150355,0.000403923001783462,0.058888888888888886,0.058888888888888886,0.05444444444444444,0.04555555555555556,0.04338153503893215,0.05223186256334199,0.006579192809610862,32,0.14837454848569048,0.13475965545984997,0.14448457904973605,0.14754098360655737,0.14472222222222222,0.14397639776481122,0.004854129026765371,0.08833333333333333,0.08922558922558922,0.08440999138673558,0.07002561912894961,0.06753246753246753,0.07990540012141505,0.009261607408430192,6,0.22670345998726385,0.20815450643776826,0.22174840085287847,0.22208281053952325,0.2217021276595745,0.22007826109540166,0.006253218585557964,0.7834818794656826,0.7820405172843373,0.7785011018120302,0.7807190322656412,0.7828036202238022,0.7815092302102988,0.0017619481149611,30,0.8478132925345645,0.847027021860056,0.8480887105176811,0.8474343450981963,0.8469799394312194,0.8474686618883434,0.0004331982875837258
14,8.559477996826171,0.9196853852714374,6.249479675292969,0.17152338727367553,5,2,distance,"{'n_neighbors': 5, 'p': 2, 'weights': 'distance'}",0.7874386279869979,0.7869898132658751,0.7817400410733472,0.7879826458307833,0.7877077496395832,0.7863717755593174,0.0023389244892614907,40,0.9259657199590625,0.9256019067890258,0.9260133216822449,0.9258161145433464,0.9255613584125559,0.9257916842772472,0.00018388795214594427,0.7874386279869979,0.7869898132658751,0.7817400410733472,0.7879826458307833,0.7877077496395832,0.7863717755593174,0.0023389244892614907,40,0.9259657199590625,0.9256019067890258,0.9260133216822449,0.9258161145433464,0.9255613584125559,0.9257916842772472,0.00018388795214594427,0.06111111111111111,0.07222222222222222,0.06333333333333334,0.056666666666666664,0.05561735261401557,0.061790137189469775,0.005933365798551472,13,0.6710197277021395,0.6632397888302306,0.6712975826618505,0.6699083078632954,0.6694444444444444,0.668981970300392,0.0029515808471916698,0.07493188010899182,0.08825526137135098,0.07878369039391846,0.07218683651804671,0.06944444444444445,0.07672042256735048,0.006542197254672574,20,0.7058307759754494,0.7047534691467375,0.7049897869857018,0.699854862119013,0.7055035128805621,0.7041864814214929,0.0021985439334264935,0.7822112578165614,0.7824071744868204,0.7767264072435957,0.7824480507888312,0.7826623747253164,0.781291053012225,0.002286817094431046,31,0.9263358447300465,0.9259979249687281,0.926422285939934,0.9262169065725515,0.9259050420960371,0.9261756008614593,0.00019647318164844885
15,8.765795230865479,0.8268445533085428,7.810959959030152,0.14782168088890305,5,2,uniform,"{'n_neighbors': 5, 'p': 2, 'weights': 'uniform'}",0.7855481659798441,0.7863233914072382,0.7815904361663063,0.7856161682103173,0.7866060985229715,0.7851368520573355,0.0018189309824814353,43,0.8483579105563621,0.8481437028020414,0.8483239093255176,0.8485517175721761,0.8481136181266745,0.8482981716765543,0.00015902033045368517,0.7855481659798441,0.7863233914072382,0.7815904361663063,0.7856161682103173,0.7866060985229715,0.7851368520573355,0.0018189309824814353,43,0.8483579105563621,0.8481437028020414,0.8483239093255176,0.8485517175721761,0.8481136181266745,0.8482981716765543,0.00015902033045368517,0.05444444444444444,0.05555555555555555,0.04777777777777778,0.042222222222222223,0.04449388209121246,0.04889877641824249,0.005297230413271184,34,0.1486524034454015,0.1333703806612948,0.14392886913031397,0.1478188385662684,0.1438888888888889,0.14353187613843352,0.0054431406123776225,0.08242220353238014,0.08389261744966443,0.07478260869565218,0.06418918918918919,0.07042253521126761,0.07514183081563072,0.007374838896400044,24,0.22635921303152107,0.20667384284176532,0.22150951464614066,0.22264071981586103,0.22056631892697467,0.21954992185245253,0.006731804453957082,0.7784149227253149,0.7796684498814761,0.7744182666166487,0.7783034627732135,0.7795252378267831,0.7780660679646872,0.0019068987968730948,44,0.8446454146222154,0.8442574691551874,0.8446252161012167,0.8447459107106451,0.8444355044273197,0.8445419030033168,0.00017406788509884922
16,9.044694232940675,1.025047443128524,5.90269193649292,0.10996011029801814,6,1,distance,"{'n_neighbors': 6, 'p': 1, 'weights': 'distance'}",0.7922259850123085,0.7906619337114257,0.7874114270948087,0.7921715832279299,0.792331964203139,0.7909605786499223,0.0018779855827960486,14,0.9263975355907884,0.9257991139279242,0.926587942483518,0.925775313066333,0.9260713751411046,0.9261262560419337,0.0003224722661338223,0.7922259850123085,0.7906619337114257,0.7874114270948087,0.7921715832279299,0.792331964203139,0.7909605786499223,0.0018779855827960486,14,0.9263975355907884,0.9257991139279242,0.926587942483518,0.925775313066333,0.9260713751411046,0.9261262560419337,0.0003224722661338223,0.06222222222222222,0.07333333333333333,0.06111111111111111,0.05333333333333334,0.054505005561735265,0.06090100111234705,0.007134858240816033,14,0.667129758266185,0.6632397888302306,0.6693525979438733,0.6649069185884968,0.6677777777777778,0.6664813682813127,0.0021601748125122163,0.0784863349684653,0.09078404401650618,0.07735583684950773,0.06951484431571325,0.06886858749121574,0.07700192952828164,0.007930738771912192,17,0.7076333628057765,0.7050657214591641,0.7050043898156277,0.7018624431734858,0.7079958768958917,0.7055123588299892,0.0022111499998474695,0.786425242754545,0.7853862629103316,0.7816043052019241,0.7858686475504346,0.7865355416812827,0.7851640000197035,0.0018269765130662643,9,0.9277220209460768,0.927289471615818,0.9280124214983209,0.9271921285740217,0.9274932717174244,0.9275418628703325,0.0002974084323426516
17,8.601854991912841,0.8751251113421972,7.576763725280761,0.19747526901026538,6,1,uniform,"{'n_neighbors': 6, 'p': 1, 'weights': 'uniform'}",0.7921851836740245,0.7906755341575203,0.7886490676894202,0.7909611435255076,0.7915159263389822,0.790797371077091,0.0011915719503166596,15,0.8428327105441217,0.842081283342457,0.843611338730462,0.8424348961432404,0.8424796333319733,0.842687972418451,0.0005194379428071735,0.7921851836740245,0.7906755341575203,0.7886490676894202,0.7909611435255076,0.7915159263389822,0.790797371077091,0.0011915719503166596,15,0.8428327105441217,0.842081283342457,0.843611338730462,0.8424348961432404,0.8424796333319733,0.842687972418451,0.0005194379428071735,0.04888888888888889,0.05555555555555555,0.04777777777777778,0.044444444444444446,0.041156840934371525,0.04756470152020764,0.004825956970374132,35,0.11280911364267852,0.1072520144484579,0.11475409836065574,0.11086412892470131,0.11,0.1111358710752987,0.0025432144452153735,0.07978241160471443,0.08748906386701663,0.07768744354110207,0.07200720072007201,0.0670897552130553,0.07681117498919207,0.006945467237413009,18,0.18072557311373247,0.1731718259309107,0.18495297805642635,0.1761200617965129,0.17793754212536508,0.1785815962045895,0.004023200601559498,0.7837580765053086,0.7823063089587736,0.7797616171719537,0.7821384309576189,0.7824610329630427,0.7820850933113395,0.001295417000544711,29,0.8409110240765368,0.8402742377186839,0.841991416431877,0.8404580006941904,0.8406410348213832,0.8408551427485342,0.0006058473860271196
18,8.604528760910034,0.8909116548888872,6.471662425994873,0.1655461472898899,6,2,distance,"{'n_neighbors': 6, 'p': 2, 'weights': 'distance'}",0.7900771145293566,0.7882546547526759,0.7843241258313273,0.7893698913324357,0.7891222152707885,0.7882296003433168,0.002037826906459802,31,0.9263975355907884,0.9257991139279242,0.926587942483518,0.925775313066333,0.9260713751411046,0.9261262560419337,0.0003224722661338223,0.7900771145293566,0.7882546547526759,0.7843241258313273,0.7893698913324357,0.7891222152707885,0.7882296003433168,0.002037826906459802,31,0.9263975355907884,0.9257991139279242,0.926587942483518,0.925775313066333,0.9260713751411046,0.9261262560419337,0.0003224722661338223,0.06333333333333334,0.07333333333333333,0.06,0.057777777777777775,0.05561735261401557,0.062012359411691996,0.0062094574093808945,12,0.667129758266185,0.6632397888302306,0.6693525979438733,0.6649069185884968,0.6677777777777778,0.6664813682813127,0.0021601748125122163,0.08022519352568615,0.0910344827586207,0.07627118644067796,0.07514450867052022,0.07107320540156362,0.07874971535941373,0.006799440739875432,9,0.7076333628057765,0.7050657214591641,0.7050043898156277,0.7018624431734858,0.7079958768958917,0.7055123588299892,0.0022111499998474695,0.7840280817806267,0.7827951923991234,0.7783692012283587,0.7830036389218128,0.7831159429429095,0.7822624114545662,0.001991806579989862,27,0.9277220209460768,0.927289471615818,0.9280124214983209,0.9271921285740217,0.9274932717174244,0.9275418628703325,0.0002974084323426516
19,8.632991743087768,0.919124883633186,8.048008012771607,0.16427725849416047,6,2,uniform,"{'n_neighbors': 6, 'p': 2, 'weights': 'uniform'}",0.7886626681355149,0.7876698355706068,0.784922545459491,0.7875610320018497,0.7880885673095231,0.7873809296953971,0.0012886551841880178,34,0.8392965825362878,0.8388579666583931,0.8400038081378546,0.8390177724433624,0.8389435173473689,0.8392239294246533,0.00041678523540197664,0.7886626681355149,0.7876698355706068,0.784922545459491,0.7875610320018497,0.7880885673095231,0.7873809296953971,0.0012886551841880178,34,0.8392965825362878,0.8388579666583931,0.8400038081378546,0.8390177724433624,0.8389435173473689,0.8392239294246533,0.00041678523540197664,0.05,0.05333333333333334,0.044444444444444446,0.044444444444444446,0.03781979977753059,0.04600840439995056,0.005320387325385498,36,0.11308696860238955,0.11030841900527924,0.11003056404556821,0.11280911364267852,0.10916666666666666,0.11108034639251645,0.001573229408487426,0.08086253369272238,0.0843585237258348,0.07279344858962693,0.07073386383731212,0.06273062730627307,0.07429579943035387,0.0076560834451650656,29,0.18121104185218165,0.17758890628494745,0.17765814266487215,0.1784223247637882,0.1769473210265646,0.17836554731847082,0.0014976662694749015,0.7799522465757772,0.7790925891018952,0.7756477399421986,0.7784483933668588,0.7785836901009587,0.7783449318175377,0.0014481026185593803,42,0.8373970386772278,0.8370773490873898,0.8381887112109235,0.8371295181670799,0.8372027886013518,0.8373990811487946,0.0004094450613540468
20,8.571918392181397,0.9289248182793651,6.100582218170166,0.09575371944983178,7,1,distance,"{'n_neighbors': 7, 'p': 1, 'weights': 'distance'}",0.7930012104397024,0.7918451725216588,0.7876426346784174,0.7926203979490527,0.7938552348828986,0.7917929300943459,0.002173726146280778,8,0.9270911607000173,0.9267511483915718,0.927274767346578,0.9269143542996257,0.9270506072599182,0.9270164075995421,0.0001756614500257857,0.7930012104397024,0.7918451725216588,0.7876426346784174,0.7926203979490527,0.7938552348828986,0.7917929300943459,0.002173726146280778,8,0.9270911607000173,0.9267511483915718,0.927274767346578,0.9269143542996257,0.9270506072599182,0.9270164075995421,0.0001756614500257857,0.06,0.07333333333333333,0.06111111111111111,0.05444444444444444,0.054505005561735265,0.06067877889012483,0.006895908978199198,16,0.6643512086690747,0.6604612392331203,0.6660183384273409,0.6621283689913865,0.6661111111111111,0.6638140532864067,0.0022139005016531812,0.07719799857040743,0.09205020920502092,0.07845934379457918,0.0717948717948718,0.07010014306151646,0.07792051328527917,0.0077348865113980834,14,0.7096008309838254,0.7072299910740851,0.7063503757182849,0.7055514433752775,0.7087335599231565,0.7074932402149259,0.001491733633198636,0.7871739856313269,0.7867489906325095,0.7820081341312077,0.7865467387192389,0.788078889320857,0.7861113476870281,0.0021181565023875573,8,0.9277782611359702,0.9274638918168783,0.9279649695642136,0.9276226916725118,0.9277357856099577,0.9277131199599064,0.0001664195121608556
21,8.631070852279663,0.8979966627008005,7.641233444213867,0.06522200590144316,7,1,uniform,"{'n_neighbors': 7, 'p': 1, 'weights': 'uniform'}",0.7909883444176969,0.7911515497708325,0.7869354114814966,0.7909747439716023,0.7919511465331991,0.7904002392349654,0.0017692221866459272,18,0.8408878401398131,0.8407892365703639,0.8418024732495316,0.841081647155627,0.840612972105485,0.8410348338441642,0.00041263888313666883,0.7909883444176969,0.7911515497708325,0.7869354114814966,0.7909747439716023,0.7919511465331991,0.7904002392349654,0.0017692221866459272,18,0.8408878401398131,0.8407892365703639,0.8418024732495316,0.841081647155627,0.840612972105485,0.8410348338441642,0.00041263888313666883,0.035555555555555556,0.05,0.03333333333333333,0.03222222222222222,0.028921023359288096,0.03600642689407983,0.007316993244065318,40,0.06640733537093638,0.06890803000833565,0.0666851903306474,0.06863017504862462,0.06555555555555556,0.06723725726281993,0.0013079273987198997,0.06349206349206349,0.08704061895551259,0.05970149253731343,0.05753968253968254,0.052313883299798795,0.06401754816487418,0.012065693293668163,40,0.1180538404544332,0.12265084075173095,0.1188707280832095,0.12170485341217051,0.11703446565831888,0.11966294567197262,0.002155116689108016,0.783840101711744,0.7848079414910983,0.7797339677034617,0.7835267522086227,0.7845389312093868,0.7832895388648626,0.0018367364355576395,19,0.8370041302038541,0.8372798778560913,0.8381011619604615,0.8372713582458431,0.8368981546854735,0.8373109365903446,0.00042225733520772436
22,8.575316095352173,0.9283788023093233,6.66266655921936,0.13728021858265566,7,2,distance,"{'n_neighbors': 7, 'p': 2, 'weights': 'distance'}",0.7899275096223156,0.7888666748269343,0.7855617664259388,0.7891930855332054,0.7905366809019938,0.7888171434620775,0.0017280617732849553,28,0.9270911607000173,0.9267511483915718,0.927274767346578,0.9269143542996257,0.9270506072599182,0.9270164075995421,0.0001756614500257857,0.7899275096223156,0.7888666748269343,0.7855617664259388,0.7891930855332054,0.7905366809019938,0.7888171434620775,0.0017280617732849553,28,0.9270911607000173,0.9267511483915718,0.927274767346578,0.9269143542996257,0.9270506072599182,0.9270164075995421,0.0001756614500257857,0.06333333333333334,0.07222222222222222,0.058888888888888886,0.05555555555555555,0.054505005561735265,0.060901001112347045,0.00644387197786841,15,0.6643512086690747,0.6604612392331203,0.6660183384273409,0.6621283689913865,0.6661111111111111,0.6638140532864067,0.0022139005016531812,0.08172043010752689,0.09097270818754373,0.07604017216642754,0.07320644216691069,0.07060518731988473,0.07850898798965872,0.007243476933717444,10,0.7096008309838254,0.7072299910740851,0.7063503757182849,0.7055514433752775,0.7087335599231565,0.7074932402149259,0.001491733633198636,0.7838967247803067,0.7836205250888744,0.7797439586470138,0.783039741990061,0.7846029095944348,0.7829807720201382,0.0016946989129371518,25,0.9277782611359702,0.9274638918168783,0.9279649695642136,0.9276226916725118,0.9277357856099577,0.9277131199599064,0.0001664195121608556
23,8.567925405502319,0.9181866835822506,8.234058141708374,0.15579155704838132,7,2,uniform,"{'n_neighbors': 7, 'p': 2, 'weights': 'uniform'}",0.7876698355706068,0.7871938199572946,0.7844737307383682,0.7869354114814966,0.788129369202731,0.7868804333900995,0.0012709404275217243,37,0.8379943353949413,0.8376169217325667,0.8384499518882583,0.8381541411799107,0.8374508683884831,0.8379332437168321,0.0003611816085784906,0.7876698355706068,0.7871938199572946,0.7844737307383682,0.7869354114814966,0.788129369202731,0.7868804333900995,0.0012709404275217243,37,0.8379943353949413,0.8376169217325667,0.8384499518882583,0.8381541411799107,0.8374508683884831,0.8379332437168321,0.0003611816085784906,0.04,0.04666666666666667,0.034444444444444444,0.03,0.03337041156840934,0.03689630453590409,0.005849708660751264,39,0.06807446512920255,0.0666851903306474,0.06474020561267019,0.06585162545151431,0.06527777777777778,0.06612585286036245,0.0011682806591261057,0.07142857142857142,0.08123791102514506,0.061630218687872766,0.05378486055776893,0.06030150753768843,0.06567661384740933,0.009611637361021167,39,0.12089810017271156,0.11907715207144631,0.11554673939995043,0.11718170580964153,0.11650966782350027,0.11784267305545001,0.0019154459172070165,0.7806016208037632,0.7804444729225735,0.7771832684349612,0.7793030305912539,0.780963542118565,0.7796991869742234,0.001375152200194548,36,0.8341506266793395,0.8340405835231594,0.8345985247684568,0.8342948369318403,0.833674333941212,0.8341517811688016,0.0003034359568497662
24,8.596959972381592,0.9762528013696735,6.30458345413208,0.08895384845883561,8,1,distance,"{'n_neighbors': 8, 'p': 1, 'weights': 'distance'}",0.7934908264991092,0.7920627796591728,0.7883226569831491,0.7926339983951474,0.794793678426679,0.7922607879926515,0.0021732877320235137,7,0.9271999646387199,0.926931354915048,0.9275297765779121,0.926931354915048,0.927380418077713,0.9271945738248883,0.00023895456547702034,0.7934908264991092,0.7920627796591728,0.7883226569831491,0.7926339983951474,0.794793678426679,0.7922607879926515,0.0021732877320235137,7,0.9271999646387199,0.926931354915048,0.9275297765779121,0.926931354915048,0.927380418077713,0.9271945738248883,0.00023895456547702034,0.057777777777777775,0.07222222222222222,0.06111111111111111,0.051111111111111114,0.05339265850945495,0.05912297614633544,0.00740782030840061,18,0.6643512086690747,0.6596276743539872,0.6660183384273409,0.6626840789108086,0.6661111111111111,0.6637584822944644,0.0024170665492408575,0.07476635514018691,0.09187279151943462,0.07896625987078248,0.06789667896678968,0.06896551724137931,0.0764935205477146,0.008674053662205592,21,0.7096008309838254,0.7074951572045894,0.7063503757182849,0.7060390763765542,0.7087335599231565,0.707643800041282,0.0013629178935338408,0.7873794388463025,0.786531018863342,0.7823649862439247,0.7862021913867592,0.7887216305742346,0.7862398531829126,0.0021240839985034333,7,0.9283444944119236,0.9281468074498161,0.9287282558314762,0.9281087828670899,0.9285848788569167,0.9283826438834444,0.00024183492923902654
25,8.606722784042358,0.9914401988542836,7.849464416503906,0.14721969124760348,8,1,uniform,"{'n_neighbors': 8, 'p': 1, 'weights': 'uniform'}",0.792239585458403,0.7915595631536715,0.7893290899941519,0.790947543079413,0.7936920273100672,0.7915535617991414,0.0014393910322491664,10,0.8348050199417218,0.8355326462817954,0.8355496468972177,0.8351382320039985,0.8351183918832538,0.8352287874015975,0.0002811573742795587,0.792239585458403,0.7915595631536715,0.7893290899941519,0.790947543079413,0.7936920273100672,0.7915535617991414,0.0014393910322491664,10,0.8348050199417218,0.8355326462817954,0.8355496468972177,0.8351382320039985,0.8351183918832538,0.8352287874015975,0.0002811573742795587,0.042222222222222223,0.052222222222222225,0.03666666666666667,0.03111111111111111,0.03225806451612903,0.03889605734767025,0.00772384052894285,37,0.07029730480689081,0.06362878577382607,0.06446235065295916,0.06890803000833565,0.0675,0.06695929424840233,0.002551833155928625,0.07436399217221135,0.09064609450337512,0.06515301085883514,0.055610724925521354,0.0574826560951437,0.06865129571101733,0.01283307499363923,37,0.1229946524064171,0.11361944926817168,0.11445485939812533,0.12115290669272104,0.11949840177034671,0.11834405390715638,0.0036958885882922812,0.7841817266442177,0.7840171564922067,0.7807343181838944,0.7820385236368449,0.7847641720470409,0.783147179400841,0.0015161022532422265,22,0.8320278937459692,0.8331585882727383,0.8328259109149396,0.8323924197348554,0.8324476438400504,0.8325704913017106,0.00038789439681673936
26,8.583014583587646,0.8953364112005845,6.86989107131958,0.1534612346625991,8,2,distance,"{'n_neighbors': 8, 'p': 2, 'weights': 'distance'}",0.7907979381723721,0.7895602975777606,0.7866498021135093,0.7896691011465176,0.7903598726980932,0.7894074023416506,0.001451689492443951,25,0.9271999646387199,0.926931354915048,0.9275297765779121,0.926931354915048,0.927380418077713,0.9271945738248883,0.00023895456547702034,0.7907979381723721,0.7895602975777606,0.7866498021135093,0.7896691011465176,0.7903598726980932,0.7894074023416506,0.001451689492443951,25,0.9271999646387199,0.926931354915048,0.9275297765779121,0.926931354915048,0.927380418077713,0.9271945738248883,0.00023895456547702034,0.058888888888888886,0.07111111111111111,0.06,0.05333333333333334,0.05339265850945495,0.05934519836855766,0.006490746307769486,17,0.6643512086690747,0.6596276743539872,0.6660183384273409,0.6626840789108086,0.6661111111111111,0.6637584822944644,0.0024170665492408575,0.07686729514140682,0.09052333804809053,0.07803468208092486,0.07116382505559675,0.06966618287373005,0.07725106463994981,0.007368846502772319,16,0.7096008309838254,0.7074951572045894,0.7063503757182849,0.7060390763765542,0.7087335599231565,0.707643800041282,0.0013629178935338408,0.784363010990353,0.7839602055388794,0.7805201726750127,0.7830390003409222,0.7841443794529765,0.7832053537996286,0.001416305873909183,21,0.9283444944119236,0.9281468074498161,0.9287282558314762,0.9281087828670899,0.9285848788569167,0.9283826438834444,0.00024183492923902654
27,8.570782136917114,0.9091892146468333,8.419615173339844,0.15746663346541467,8,2,uniform,"{'n_neighbors': 8, 'p': 2, 'weights': 'uniform'}",0.7891522841949216,0.7881322507378242,0.7868674092510234,0.7882410543065812,0.7895030329407284,0.7883792062862158,0.0009193736009149755,29,0.8315477020268134,0.8316973074425295,0.8326221409215013,0.8320849214741574,0.8318780856012077,0.8319660314932419,0.0003740484052238052,0.7891522841949216,0.7881322507378242,0.7868674092510234,0.7882410543065812,0.7895030329407284,0.7883792062862158,0.0009193736009149755,29,0.8315477020268134,0.8316973074425295,0.8326221409215013,0.8320849214741574,0.8318780856012077,0.8319660314932419,0.0003740484052238052,0.03777777777777778,0.04666666666666667,0.03666666666666667,0.035555555555555556,0.03225806451612903,0.03778494623655914,0.004809410831733961,38,0.07224228952486803,0.06418449569324812,0.06474020561267019,0.06807446512920255,0.06694444444444445,0.06723718008088667,0.0028772078276226433,0.06732673267326732,0.08163265306122448,0.0650887573964497,0.0631786771964462,0.05817452357071214,0.06708026877961996,0.007878241744545997,38,0.12627489072365228,0.11461175886876704,0.11514702248579195,0.12018641157714005,0.11871921182266008,0.11898785909560228,0.004207417460034776,0.7806340768336284,0.7801555942041677,0.7781500262807082,0.779381162559626,0.7805153871340813,0.7797672494024424,0.0009193894954428329,35,0.8288667805915272,0.8292696528541383,0.8299163163030274,0.8294354165408966,0.8292520628399112,0.8293480458259002,0.0003398645007795089
28,8.569842529296874,0.9156513685243517,6.482066202163696,0.10715633111969593,9,1,distance,"{'n_neighbors': 9, 'p': 1, 'weights': 'distance'}",0.7935044269452038,0.7928108041943775,0.7892882886558679,0.7929740095475132,0.7954601093490739,0.7928075277384072,0.001996728742402428,6,0.9275671779318412,0.9271829640232977,0.9278867895017799,0.9274821748547297,0.9275130224271356,0.9275264257477568,0.00022433302138877702,0.7935044269452038,0.7928108041943775,0.7892882886558679,0.7929740095475132,0.7954601093490739,0.7928075277384072,0.001996728742402428,6,0.9275671779318412,0.9271829640232977,0.9278867895017799,0.9274821748547297,0.9275130224271356,0.9275264257477568,0.00022433302138877702,0.056666666666666664,0.07,0.058888888888888886,0.05,0.054505005561735265,0.058012112223458166,0.0066750603567051585,20,0.6643512086690747,0.6596276743539872,0.6660183384273409,0.6626840789108086,0.6683333333333333,0.6642029267389089,0.0029535672965155593,0.07385952208544533,0.08948863636363638,0.07686729514140682,0.06681514476614699,0.07070707070707072,0.07554753381274124,0.007728262358760105,22,0.7096008309838254,0.7074951572045894,0.7063503757182849,0.7060390763765542,0.7087936367653558,0.7076558154097219,0.0013727018590404532,0.7874337805797778,0.7873758696706107,0.7832717479774082,0.7865977168305736,0.789400742733171,0.7868159715583082,0.0019992684575692574,6,0.9283881587082097,0.9280444087200584,0.9288044858794982,0.9282723460887636,0.9284269741415272,0.9283872747076115,0.00024755107000711164
29,8.590851259231567,0.9196545782816816,8.078492784500122,0.1345006599086854,9,1,uniform,"{'n_neighbors': 9, 'p': 1, 'weights': 'uniform'}",0.7897507038230854,0.7906075319270472,0.7884858623362846,0.7910835475403594,0.792671979979871,0.7905199251213295,0.0013918188184523404,16,0.8336047764929091,0.833761182154794,0.8344582073871074,0.8334653714464464,0.8333333333333334,0.833724574162918,0.0003934881877270612,0.7897507038230854,0.7906075319270472,0.7884858623362846,0.7910835475403594,0.792671979979871,0.7905199251213295,0.0013918188184523404,16,0.8336047764929091,0.833761182154794,0.8344582073871074,0.8334653714464464,0.8333333333333334,0.833724574162918,0.0003934881877270612,0.035555555555555556,0.043333333333333335,0.03111111111111111,0.03111111111111111,0.03114571746384872,0.03445136571499197,0.004761312759629415,41,0.058071686579605444,0.05501528202278411,0.05501528202278411,0.06001667129758266,0.06444444444444444,0.05851267327344014,0.00352436887020222,0.0642570281124498,0.07707509881422925,0.056281407035175875,0.05588822355289421,0.056394763343403834,0.06197930417163059,0.008170990556667994,41,0.10418743768693917,0.09977324263038548,0.0992730007520682,0.10701015605647757,0.1141732283464567,0.10488341309446543,0.005457080788006668,0.7825754620759611,0.7839857367317484,0.7810606387677929,0.7834795328291688,0.7852031398765291,0.7832609020562401,0.0013897092485340458,20,0.8292535568455847,0.8298604083723863,0.8301977626275936,0.8290905855637285,0.8290485867011255,0.8294901800220836,0.0004579111474746044
30,8.576238203048707,0.9183092274970622,7.077624845504761,0.17100159580216143,9,2,distance,"{'n_neighbors': 9, 'p': 2, 'weights': 'distance'}",0.7903491234512492,0.7894922953472874,0.787030614604159,0.7905939314809526,0.7911759105622501,0.7897283750891797,0.001453514404553255,24,0.9275671779318412,0.9271829640232977,0.9278867895017799,0.9274821748547297,0.9275130224271356,0.9275264257477568,0.00022433302138877702,0.7903491234512492,0.7894922953472874,0.787030614604159,0.7905939314809526,0.7911759105622501,0.7897283750891797,0.001453514404553255,24,0.9275671779318412,0.9271829640232977,0.9278867895017799,0.9274821748547297,0.9275130224271356,0.9275264257477568,0.00022433302138877702,0.06111111111111111,0.07,0.05555555555555555,0.05333333333333334,0.05339265850945495,0.05867853170189099,0.006330208022230781,19,0.6643512086690747,0.6596276743539872,0.6660183384273409,0.6626840789108086,0.6683333333333333,0.6642029267389089,0.0029535672965155593,0.07988380537400146,0.08980755523877405,0.07293946024799416,0.07142857142857144,0.06981818181818182,0.07677551482150459,0.007364850961878212,19,0.7096008309838254,0.7074951572045894,0.7063503757182849,0.7060390763765542,0.7087936367653558,0.7076558154097219,0.0013727018590404532,0.7840598636011222,0.7839403860624395,0.7807819383428382,0.7841024189586236,0.784964481115893,0.7835698176161834,0.00144072810417891,16,0.9283881587082097,0.9280444087200584,0.9288044858794982,0.9282723460887636,0.9284269741415272,0.9283872747076115,0.00024755107000711164
31,8.580466938018798,0.9002673257528597,8.726699495315552,0.31531236178737243,9,2,uniform,"{'n_neighbors': 9, 'p': 2, 'weights': 'uniform'}",0.7873570253104302,0.7872754226338624,0.7849361459055857,0.7875338311096604,0.7882789761444932,0.7870762802208063,0.0011273402941396737,35,0.8303780596857606,0.8298612409769234,0.8308914782715134,0.8300210467618928,0.8302426319583283,0.8302788915308836,0.0003542110965111889,0.7873570253104302,0.7872754226338624,0.7849361459055857,0.7875338311096604,0.7882789761444932,0.7870762802208063,0.0011273402941396737,35,0.8303780596857606,0.8298612409769234,0.8308914782715134,0.8300210467618928,0.8302426319583283,0.8302788915308836,0.0003542110965111889,0.03777777777777778,0.04111111111111111,0.027777777777777776,0.03,0.025583982202447165,0.032450129773822764,0.005972845595431516,42,0.05612670186162823,0.051125312586829674,0.05362600722422895,0.05696026674076132,0.06111111111111111,0.055789879904911854,0.0033537826157642044,0.06813627254509018,0.07312252964426878,0.050050050050050046,0.05405405405405404,0.046511627906976744,0.05837490684008797,0.010406604011099926,42,0.10082355877214873,0.09321175278622086,0.0966933867735471,0.10247438140464883,0.10866880711286739,0.10037437736988657,0.005258559276765317,0.7800507312299947,0.7802824223957204,0.776807789071314,0.7796616838867604,0.7799899607564399,0.7793585174680459,0.0012907057035127056,38,0.8258752377422095,0.8257896216750539,0.8264034560190334,0.8257515114442404,0.8257844296682033,0.825920851309748,0.0002447431201573942
32,8.573729038238525,0.9171446779434937,6.6632208824157715,0.10182480582498037,10,1,distance,"{'n_neighbors': 10, 'p': 1, 'weights': 'distance'}",0.7941164470194623,0.793273219361595,0.7894650944550982,0.7934636256069199,0.7949976878927182,0.7930632148671588,0.0018974922925350452,5,0.9275195762086588,0.9273053684543381,0.9279275909787934,0.9275093758394054,0.9275640240999905,0.9275651871162373,0.00020200935759771916,0.7941164470194623,0.793273219361595,0.7894650944550982,0.7934636256069199,0.7949976878927182,0.7930632148671588,0.0018974922925350452,5,0.9275195762086588,0.9273053684543381,0.9279275909787934,0.9275093758394054,0.9275640240999905,0.9275651871162373,0.00020200935759771916,0.058888888888888886,0.06555555555555556,0.06,0.04888888888888889,0.054505005561735265,0.05756766777901372,0.005588726496544194,21,0.6643512086690747,0.6596276743539872,0.6660183384273409,0.6626840789108086,0.6675,0.6640362600722423,0.0027309098644986165,0.07697893972403776,0.08404558404558406,0.07871720116618076,0.06576980568011957,0.07101449275362319,0.07530520467390908,0.006327264549483456,23,0.7096008309838254,0.7074951572045894,0.7063503757182849,0.7060390763765542,0.7090587193862495,0.7077088319339007,0.001419929599656695,0.7879100025677691,0.7875721878818946,0.7833433169500837,0.7868492302591106,0.7887645953196412,0.7868878665956999,0.0018761925928937005,5,0.9285920402234547,0.9284187596300345,0.9290270524136865,0.9285651408345208,0.9287481604232105,0.9286702307049813,0.0002067801279602507
33,8.582312202453613,0.9324122759218634,8.29385061264038,0.10261522953845884,10,1,uniform,"{'n_neighbors': 10, 'p': 1, 'weights': 'uniform'}",0.7916547662763339,0.792239585458403,0.7889482775035022,0.791355556462252,0.7941816500285613,0.7916759671458105,0.0016816370344971219,9,0.8291744161138633,0.8296504333456871,0.8302080535315378,0.829388623868184,0.8292838005086567,0.8295410654735857,0.00036896879519030196,0.7916547662763339,0.792239585458403,0.7889482775035022,0.791355556462252,0.7941816500285613,0.7916759671458105,0.0016816370344971219,9,0.8291744161138633,0.8296504333456871,0.8302080535315378,0.829388623868184,0.8292838005086567,0.8295410654735857,0.00036896879519030196,0.028888888888888888,0.03666666666666667,0.027777777777777776,0.024444444444444446,0.026696329254727477,0.028894821406501053,0.004154241766123137,44,0.05084745762711865,0.04723534315087524,0.045290358432898026,0.05501528202278411,0.059722222222222225,0.05162213269117964,0.005235653196710287,0.053663570691434466,0.06673407482305359,0.05154639175257732,0.04489795918367347,0.048830111902339775,0.05313442167061573,0.007404306860922423,44,0.09240090886139864,0.08706786171574905,0.08348271446862997,0.09939759036144578,0.10760760760760761,0.09399133660296621,0.008666320093906624,0.7837530560460105,0.7848030694919287,0.7809379671930581,0.7824261129430565,0.7853851401999511,0.783461069174801,0.0016140290273631037,18,0.8257205066988148,0.8267373821130668,0.8269980889168422,0.8260429934551284,0.82628391603143,0.8263565774430564,0.0004614650057382463
34,8.591586351394653,0.9147523059915267,7.214706754684448,0.14242663113358114,10,2,distance,"{'n_neighbors': 10, 'p': 2, 'weights': 'distance'}",0.7909883444176969,0.7902675207746814,0.7870714159424429,0.7901995185442082,0.7912031118243886,0.7899459823006836,0.0014898115845519532,23,0.9275195762086588,0.9273053684543381,0.9279275909787934,0.9275093758394054,0.9275640240999905,0.9275651871162373,0.00020200935759771916,0.7909883444176969,0.7902675207746814,0.7870714159424429,0.7901995185442082,0.7912031118243886,0.7899459823006836,0.0014898115845519532,23,0.9275195762086588,0.9273053684543381,0.9279275909787934,0.9275093758394054,0.9275640240999905,0.9275651871162373,0.00020200935759771916,0.057777777777777775,0.06666666666666667,0.05333333333333334,0.052222222222222225,0.054505005561735265,0.05690100111234706,0.005224882410208104,22,0.6643512086690747,0.6596276743539872,0.6660183384273409,0.6626840789108086,0.6675,0.6640362600722423,0.0027309098644986165,0.0761346998535871,0.08608321377331421,0.07027818448023426,0.0704647676161919,0.07127272727272728,0.07484671859921095,0.0060127220445466536,25,0.7096008309838254,0.7074951572045894,0.7063503757182849,0.7060390763765542,0.7090587193862495,0.7077088319339007,0.001419929599656695,0.7844446962341518,0.784415753859325,0.7806439998549414,0.7834737150804867,0.7848896062842086,0.7835735542626227,0.0015357368465085503,15,0.9285920402234547,0.9284187596300345,0.9290270524136865,0.9285651408345208,0.9287481604232105,0.9286702307049813,0.0002067801279602507
35,8.569683933258057,0.9218645962207532,8.751342535018921,0.14521517614577073,10,2,uniform,"{'n_neighbors': 10, 'p': 2, 'weights': 'uniform'}",0.7883498578753383,0.7886762685816094,0.7865273980986577,0.7876698355706068,0.7893534259989664,0.7881153572250357,0.0009615123634691699,32,0.8258048941371677,0.8258116943833367,0.8262537103843159,0.8261483065686978,0.8260468943381343,0.8260130999623305,0.00017957178747836383,0.7883498578753383,0.7886762685816094,0.7865273980986577,0.7876698355706068,0.7893534259989664,0.7881153572250357,0.0009615123634691699,32,0.8258048941371677,0.8258116943833367,0.8262537103843159,0.8261483065686978,0.8260468943381343,0.8260130999623305,0.00017957178747836383,0.025555555555555557,0.03222222222222222,0.02666666666666667,0.02666666666666667,0.026696329254727477,0.027561488073167717,0.002370490183635723,46,0.046957488191164215,0.044178938594053904,0.04723534315087524,0.05557099194220617,0.05277777777777778,0.04934410793121546,0.004180573885616245,0.04756980351602896,0.05906313645621181,0.049029622063329927,0.048879837067209775,0.04938271604938272,0.05078502303043264,0.004184314266274354,46,0.08583037074657186,0.08179012345679013,0.0868898543317148,0.10050251256281408,0.09583858764186633,0.09017028974795144,0.006909526320034963,0.7798704423084284,0.7808275749604524,0.7778280777307767,0.7787628460723008,0.7805919245809612,0.7795761731305839,0.0011315202453631675,37,0.8221786958402117,0.8227881339421578,0.8231065639785514,0.8228552190904886,0.8226528916022606,0.822716300890734,0.0003065300831645862
36,8.576200914382934,0.9115747867480501,6.814629554748535,0.11513908366738895,11,1,distance,"{'n_neighbors': 11, 'p': 1, 'weights': 'distance'}",0.7941844492499354,0.7933004202537843,0.7898187060535585,0.7938716389897589,0.7952016973587575,0.7932753823811589,0.001835312073571419,4,0.9277167833475571,0.9274719744854764,0.9280091939328203,0.9276113795319391,0.9276660274457003,0.9276950717486987,0.00017706749426274718,0.7941844492499354,0.7933004202537843,0.7898187060535585,0.7938716389897589,0.7952016973587575,0.7932753823811589,0.001835312073571419,4,0.9277167833475571,0.9274719744854764,0.9280091939328203,0.9276113795319391,0.9276660274457003,0.9276950717486987,0.00017706749426274718,0.05444444444444444,0.06888888888888889,0.058888888888888886,0.04777777777777778,0.05339265850945495,0.05667853170189099,0.00705677023086987,23,0.6643512086690747,0.6596276743539872,0.6660183384273409,0.6626840789108086,0.6675,0.6640362600722423,0.0027309098644986165,0.07142857142857144,0.08863473909935668,0.07759882869692533,0.06466165413533835,0.06966618287373005,0.07439799524678437,0.00823327486099779,28,0.7096008309838254,0.7074951572045894,0.7063503757182849,0.7060390763765542,0.7090587193862495,0.7077088319339007,0.001419929599656695,0.7879124016052046,0.7876277942106452,0.7836635000483517,0.7872235977477047,0.7889481402046828,0.7870750867633178,0.00179866007278758,4,0.9286263107903863,0.9283965482762294,0.9289727939455826,0.9285298381761868,0.9286873868852329,0.9286425756147236,0.00019212283666710065
37,8.557550573349,0.9277369223358258,8.401248216629028,0.09898674714683585,11,1,uniform,"{'n_neighbors': 11, 'p': 1, 'weights': 'uniform'}",0.7907163354958042,0.7907027350497097,0.7890298801800699,0.790947543079413,0.7934744172129586,0.7909741822035911,0.0014263494372515795,13,0.8277497645414764,0.8283141849734961,0.8286473970357727,0.8280965770960909,0.8273593373862663,0.8280334522066205,0.00044601196703385816,0.7907163354958042,0.7907027350497097,0.7890298801800699,0.790947543079413,0.7934744172129586,0.7909741822035911,0.0014263494372515795,13,0.8277497645414764,0.8283141849734961,0.8286473970357727,0.8280965770960909,0.8273593373862663,0.8280334522066205,0.00044601196703385816,0.02666666666666667,0.04,0.027777777777777776,0.025555555555555557,0.025583982202447165,0.029116796440489433,0.005502789105289157,43,0.048346762989719363,0.04084467907752153,0.044734648513475965,0.05140316754654071,0.05527777777777778,0.04812140718100707,0.005029021428067005,0.049740932642487044,0.07250755287009064,0.05128205128205128,0.04693877551020408,0.04722792607802875,0.05353944767657236,0.00961995579527573,43,0.08812357558875664,0.07571465361833633,0.08247950819672131,0.09317552253840343,0.0998995983935743,0.0878785716671584,0.008363415422749905,0.7834859368585062,0.7842779108502679,0.7816971231084544,0.7831134996845016,0.7855349307179064,0.7836218802439273,0.0012705715013522584,14,0.8231384381678398,0.8240024776254703,0.8244060102472008,0.8235936052307558,0.8230553451994732,0.8236391752941481,0.0005125809807155707
38,8.542804765701295,0.9150941279581816,7.371538352966309,0.14525148677626584,11,2,distance,"{'n_neighbors': 11, 'p': 2, 'weights': 'distance'}",0.7907571368340881,0.7903763243434385,0.7877378378010799,0.7903355230051545,0.7915159263389822,0.7901445496645486,0.0012758047919507688,22,0.9277167833475571,0.9274719744854764,0.9280091939328203,0.9276113795319391,0.9276660274457003,0.9276950717486987,0.00017706749426274718,0.7907571368340881,0.7903763243434385,0.7877378378010799,0.7903355230051545,0.7915159263389822,0.7901445496645486,0.0012758047919507688,22,0.9277167833475571,0.9274719744854764,0.9280091939328203,0.9276113795319391,0.9276660274457003,0.9276950717486987,0.00017706749426274718,0.05333333333333334,0.06444444444444444,0.05444444444444444,0.051111111111111114,0.05339265850945495,0.055345198368557655,0.0046775024213005075,26,0.6643512086690747,0.6596276743539872,0.6660183384273409,0.6626840789108086,0.6675,0.6640362600722423,0.0027309098644986165,0.07048458149779736,0.08345323741007193,0.07221812822402358,0.0690172543135784,0.06997084548104957,0.07302880938530416,0.005314935869144594,32,0.7096008309838254,0.7074951572045894,0.7063503757182849,0.7060390763765542,0.7090587193862495,0.7077088319339007,0.001419929599656695,0.7841282208802205,0.784464260769781,0.7813700722510633,0.7836221620165924,0.7851822625323209,0.7837533956899956,0.0012949854384958508,12,0.9286263107903863,0.9283965482762294,0.9289727939455826,0.9285298381761868,0.9286873868852329,0.9286425756147236,0.00019212283666710065
39,8.562745952606202,0.9201781983458284,8.947943449020386,0.1536485733049949,11,2,uniform,"{'n_neighbors': 11, 'p': 2, 'weights': 'uniform'}",0.7872754226338624,0.7863097909611435,0.7843649271696111,0.7865545989908469,0.7887005957076408,0.7866410670926209,0.0014101133731597344,38,0.8247202548732264,0.8242238369028959,0.8248970612736181,0.8242986396107539,0.8244828430372516,0.8245245271395492,0.0002530882791616687,0.7872754226338624,0.7863097909611435,0.7843649271696111,0.7865545989908469,0.7887005957076408,0.7866410670926209,0.0014101133731597344,38,0.8247202548732264,0.8242238369028959,0.8248970612736181,0.8242986396107539,0.8244828430372516,0.8245245271395492,0.0002530882791616687,0.022222222222222223,0.025555555555555557,0.02666666666666667,0.02,0.02335928809788654,0.0235607465084662,0.002372220546959242,49,0.04362322867463184,0.03639899972214504,0.04445679355376494,0.04806890803000834,0.051944444444444446,0.04489847488499893,0.005172228662752517,0.04136504653567735,0.04713114754098361,0.0484359233097881,0.037037037037037035,0.04329896907216495,0.04345362469913021,0.004096489912870469,49,0.07981698017285206,0.06805194805194806,0.08182050626438252,0.08761711825778677,0.09463562753036438,0.08238843605546677,0.00882952585900889,0.7789208228691614,0.7785519790959784,0.7761760004230309,0.7780455345641868,0.7804401100655847,0.7784268894035884,0.0013801889616841608,41,0.8197475422224725,0.8198414494581282,0.820424699417702,0.8196696359693255,0.8202323091310936,0.8199831272397443,0.0002935735935393815
40,8.558725738525391,0.9164425015856862,6.998813343048096,0.12164776314620238,12,1,distance,"{'n_neighbors': 12, 'p': 1, 'weights': 'distance'}",0.7938036367592857,0.7941844492499354,0.7905667305887634,0.7940620452350837,0.7949568859995104,0.7935147495665156,0.0015232898220306525,3,0.9275909787934323,0.9274481736238852,0.9280227944251582,0.9275977790396013,0.9276796278917948,0.9276678707547743,0.00019245835583082735,0.7938036367592857,0.7941844492499354,0.7905667305887634,0.7940620452350837,0.7949568859995104,0.7935147495665156,0.0015232898220306525,3,0.9275909787934323,0.9274481736238852,0.9280227944251582,0.9275977790396013,0.9276796278917948,0.9276678707547743,0.00019245835583082735,0.05555555555555555,0.06777777777777778,0.05555555555555555,0.04777777777777778,0.05116796440489433,0.055566926214312196,0.00676944388935804,24,0.6643512086690747,0.6596276743539872,0.6660183384273409,0.6626840789108086,0.6675,0.6640362600722423,0.0027309098644986165,0.07309941520467837,0.08802308802308802,0.07342143906020557,0.06475903614457831,0.06710430342815464,0.07328145637214098,0.00810132461885562,30,0.7096008309838254,0.7074951572045894,0.7063503757182849,0.7060390763765542,0.7090587193862495,0.7077088319339007,0.001419929599656695,0.7874388608757775,0.7883382304427866,0.7843349665491094,0.7873988808444303,0.7885253921571845,0.7872072661738577,0.001507116034536194,3,0.9286387130176451,0.9284960987772439,0.9290927452810608,0.9286150487325906,0.9288428671932789,0.9287370946003637,0.00020991825290440363
41,8.639093971252441,1.0209023516535052,8.562872838973998,0.11770973264278825,12,1,uniform,"{'n_neighbors': 12, 'p': 1, 'weights': 'uniform'}",0.7908795408489399,0.7911515497708325,0.7892610877636786,0.7914915609231983,0.793392813426543,0.7912353105466384,0.001322998599727542,11,0.8249072616428714,0.825560085275087,0.8256926900753807,0.8249174620121248,0.8240952303235546,0.8250345458658037,0.0005694855681086332,0.7908795408489399,0.7911515497708325,0.7892610877636786,0.7914915609231983,0.793392813426543,0.7912353105466384,0.001322998599727542,11,0.8249072616428714,0.825560085275087,0.8256926900753807,0.8249174620121248,0.8240952303235546,0.8250345458658037,0.0005694855681086332,0.03222222222222222,0.03333333333333333,0.024444444444444446,0.028888888888888888,0.020022246941045607,0.0277822271659869,0.004962078647848891,45,0.046957488191164215,0.03806612948041123,0.044178938594053904,0.04945818282856349,0.051666666666666666,0.0460654811521719,0.004716525212112807,0.05930470347648262,0.06134969325153375,0.045454545454545456,0.05300713557594291,0.03715170278637771,0.05125355610897649,0.00897015932727938,45,0.08576503425526516,0.07096607096607098,0.08151755960010255,0.09005818365798128,0.09396312200050518,0.08445399409598503,0.00792585639988053,0.7830548524803127,0.7837757266518066,0.7809258697717328,0.7831691810635298,0.7840193909198627,0.782989004177449,0.0010930647168323501,24,0.8208709181801602,0.8217804301704366,0.8219908288308332,0.8210198116385324,0.8203268176756343,0.8211977612991193,0.0006108182094312386
42,8.562568473815919,0.9277454082198805,7.553699922561646,0.14038556217246037,12,2,distance,"{'n_neighbors': 12, 'p': 2, 'weights': 'distance'}",0.7910971479864539,0.7908659404028452,0.7878602418159316,0.7904171256817224,0.7915023257079129,0.7903485563189732,0.0012927235126874445,19,0.9275909787934323,0.9274481736238852,0.9280227944251582,0.9275977790396013,0.9276796278917948,0.9276678707547743,0.00019245835583082735,0.7910971479864539,0.7908659404028452,0.7878602418159316,0.7904171256817224,0.7915023257079129,0.7903485563189732,0.0012927235126874445,19,0.9275909787934323,0.9274481736238852,0.9280227944251582,0.9275977790396013,0.9276796278917948,0.9276678707547743,0.00019245835583082735,0.05333333333333334,0.06444444444444444,0.05333333333333334,0.051111111111111114,0.054505005561735265,0.05534544555679151,0.004680275623085772,25,0.6643512086690747,0.6596276743539872,0.6660183384273409,0.6626840789108086,0.6675,0.6640362600722423,0.0027309098644986165,0.07079646017699115,0.08369408369408371,0.07079646017699115,0.06943396226415094,0.07158509861212566,0.07326121298486851,0.005262167072847981,31,0.7096008309838254,0.7074951572045894,0.7063503757182849,0.7060390763765542,0.7090587193862495,0.7077088319339007,0.001419929599656695,0.7843878103096878,0.7848415941412114,0.7814283544004716,0.7835487256384897,0.784988193780179,0.7838389356540079,0.0013055654333036545,11,0.9286387130176451,0.9284960987772439,0.9290927452810608,0.9286150487325906,0.9288428671932789,0.9287370946003637,0.00020991825290440363
43,8.560948038101197,0.8968657665132675,9.129430770874023,0.16410265474507757,12,2,uniform,"{'n_neighbors': 12, 'p': 2, 'weights': 'uniform'}",0.7868674092510234,0.7877514382471745,0.7847321392141662,0.7870850163885376,0.7881973723580774,0.7869266750917958,0.001194945850601253,36,0.8212691299425039,0.8210311213265921,0.8218913524669593,0.8214969381891625,0.8212119357514926,0.8213800955353421,0.0002957735383530413,0.7868674092510234,0.7877514382471745,0.7847321392141662,0.7870850163885376,0.7881973723580774,0.7869266750917958,0.001194945850601253,36,0.8212691299425039,0.8210311213265921,0.8218913524669593,0.8214969381891625,0.8212119357514926,0.8213800955353421,0.0002957735383530413,0.01888888888888889,0.022222222222222223,0.022222222222222223,0.024444444444444446,0.024471635150166853,0.02244988258558893,0.0020420624393594103,50,0.037788274520700195,0.03389830508474576,0.03973325923867741,0.04334537371492081,0.05,0.04095304251180883,0.005456072510777014,0.03537981269510926,0.04110996916752313,0.04102564102564103,0.04498977505112475,0.04512820512820513,0.04152668061352066,0.003554509142424053,50,0.07004893123873294,0.06364110589462701,0.073502955538422,0.07932875667429443,0.09130103981739791,0.07556455783269486,0.009366398507827523,0.7775733291064596,0.778912065991479,0.7753803259119427,0.7779752355524027,0.7789161580359305,0.7777514229196429,0.0012967351890124973,46,0.8169038016487526,0.8170616747986975,0.8176288781516147,0.8171013364230155,0.817478043515665,0.8172347469075492,0.00027269387731852145
44,8.56929407119751,0.9219286190766968,7.148733520507813,0.10440662776459443,13,1,distance,"{'n_neighbors': 13, 'p': 1, 'weights': 'distance'}",0.7942660519265032,0.7943612550491657,0.7899411100684103,0.7943068532647871,0.7952560998830346,0.7936262740383802,0.0018788010371101496,2,0.9277439843322328,0.9275093758394054,0.9280975971330162,0.9276657815012903,0.927747630122268,0.9277528737856425,0.00019277812138694943,0.7942660519265032,0.7943612550491657,0.7899411100684103,0.7943068532647871,0.7952560998830346,0.7936262740383802,0.0018788010371101496,2,0.9277439843322328,0.9275093758394054,0.9280975971330162,0.9276657815012903,0.927747630122268,0.9277528737856425,0.00019277812138694943,0.056666666666666664,0.06333333333333334,0.05555555555555555,0.04666666666666667,0.05116796440489433,0.05467803732542331,0.005588228800345049,27,0.6643512086690747,0.6596276743539872,0.6660183384273409,0.6626840789108086,0.6675,0.6640362600722423,0.0027309098644986165,0.07494489346069066,0.0826686004350979,0.07347538574577517,0.06368460955269144,0.06700655498907501,0.07235600883666604,0.006604766396275145,33,0.7096008309838254,0.7074951572045894,0.7063503757182849,0.7060390763765542,0.7090587193862495,0.7077088319339007,0.001419929599656695,0.7878721175753882,0.788391548292339,0.7836584615566775,0.7875363811503155,0.7888795789279134,0.7872676175005267,0.0018614672135250602,2,0.9286809337989764,0.9284875339791591,0.929089954791084,0.9286259785057417,0.9287634139020082,0.9287295629953938,0.00020134583195074461
45,8.604085874557494,0.9036809007200409,8.665762042999267,0.14712016810560802,13,1,uniform,"{'n_neighbors': 13, 'p': 1, 'weights': 'uniform'}",0.7897779047152746,0.790689134603615,0.7887442708120826,0.7904715274661009,0.7928487881837717,0.790506325156169,0.0013533066954110186,17,0.8240164293947441,0.8241626346873757,0.8247134546270575,0.8237308190556498,0.8233574061229209,0.8239961487775496,0.0004518956922804692,0.7897779047152746,0.790689134603615,0.7887442708120826,0.7904715274661009,0.7928487881837717,0.790506325156169,0.0013533066954110186,17,0.8240164293947441,0.8241626346873757,0.8247134546270575,0.8237308190556498,0.8233574061229209,0.8239961487775496,0.0004518956922804692,0.024444444444444446,0.027777777777777776,0.024444444444444446,0.023333333333333334,0.020022246941045607,0.02400444938820912,0.0024873090489062654,47,0.03667685468185607,0.03362045012503473,0.03751041956098916,0.04278966379549875,0.04083333333333333,0.03828614429934241,0.0032165237104039832,0.04602510460251046,0.05175983436853002,0.04573804573804574,0.043343653250774,0.037578288100208766,0.0448889852120138,0.004583766623834844,47,0.06830530401034929,0.0632018803865239,0.06996631251619591,0.07891365616192672,0.0759886275523391,0.07127515612546699,0.0055906058711939445,0.782672677437439,0.783808355057926,0.781469967088906,0.782617265759838,0.7846239335712597,0.7830384397830739,0.001084235797832706,23,0.8192019926246757,0.819779941525225,0.8201955949688067,0.8191447175824768,0.8191138788936408,0.8194872251189651,0.00043023880135850586
46,8.656943035125732,1.0923350808079715,7.653713130950928,0.2155545178323699,13,2,distance,"{'n_neighbors': 13, 'p': 2, 'weights': 'distance'}",0.790838739510656,0.7906075319270472,0.7879826458307833,0.7907571368340881,0.7908222941544487,0.7902016696514046,0.0011125077504142104,20,0.9277439843322328,0.9275093758394054,0.9280975971330162,0.9276657815012903,0.927747630122268,0.9277528737856425,0.00019277812138694943,0.790838739510656,0.7906075319270472,0.7879826458307833,0.7907571368340881,0.7908222941544487,0.7902016696514046,0.0011125077504142104,20,0.9277439843322328,0.9275093758394054,0.9280975971330162,0.9276657815012903,0.927747630122268,0.9277528737856425,0.00019277812138694943,0.05333333333333334,0.06222222222222222,0.052222222222222225,0.051111111111111114,0.05116796440489433,0.05401137065875664,0.0041851005891877496,30,0.6643512086690747,0.6596276743539872,0.6660183384273409,0.6626840789108086,0.6675,0.6640362600722423,0.0027309098644986165,0.07084870848708488,0.08104196816208394,0.06952662721893492,0.0693815987933635,0.0673992673992674,0.07163963401214693,0.004828533533534094,35,0.7096008309838254,0.7074951572045894,0.7063503757182849,0.7060390763765542,0.7090587193862495,0.7077088319339007,0.001419929599656695,0.7840714898105277,0.7844951627752426,0.7815364424187192,0.7839027015622899,0.7842825497996643,0.7836576692732887,0.0010791443523735815,13,0.9286809337989764,0.9284875339791591,0.929089954791084,0.9286259785057417,0.9287634139020082,0.9287295629953938,0.00020134583195074461
47,8.569384717941285,0.9088806233867193,9.292589044570922,0.16768523337269522,13,2,uniform,"{'n_neighbors': 13, 'p': 2, 'weights': 'uniform'}",0.786364192745522,0.7861601860541025,0.7842561236008541,0.785847375793926,0.7878029540570682,0.7860861664502946,0.0011345673199695747,41,0.8198546787393703,0.8197288741852455,0.8204463001560657,0.8200654863706066,0.8197124865695595,0.8199615652041695,0.0002732682108433909,0.786364192745522,0.7861601860541025,0.7842561236008541,0.785847375793926,0.7878029540570682,0.7860861664502946,0.0011345673199695747,41,0.8198546787393703,0.8197288741852455,0.8204463001560657,0.8200654863706066,0.8197124865695595,0.8199615652041695,0.0002732682108433909,0.016666666666666666,0.015555555555555555,0.021111111111111112,0.02,0.021134593993325918,0.01889358546533185,0.0023351789374335035,52,0.03223117532647958,0.026674076132258962,0.03056404556821339,0.037232564601278134,0.03611111111111111,0.03256259454786823,0.0038256836240000056,0.031880977683315624,0.029350104821802937,0.03946002076843198,0.03753910323253389,0.03966597077244259,0.035579235455705405,0.004197193369394733,52,0.06051121544079291,0.050753370340999214,0.057456254896839906,0.06923275639369672,0.06742738589211618,0.06107619659288899,0.006735740444976986,0.7784110549442482,0.7776622333827321,0.7760875923491524,0.7775330517209661,0.7796083598187559,0.777860458443171,0.0011530705311837443,45,0.8148774297593028,0.8151410663936511,0.8153368440758231,0.815171116318335,0.81494184050642,0.8150936594107063,0.0001656442077249119
48,8.584836387634278,0.9520838059163361,7.309532022476196,0.1340472024499247,14,1,distance,"{'n_neighbors': 14, 'p': 1, 'weights': 'distance'}",0.7949596746773294,0.7945108599562065,0.7905939314809526,0.7939940430046105,0.7951336942034111,0.793838440664502,0.0016696135526413109,1,0.9277439843322328,0.927505975716321,0.9281281982407763,0.9276589812551215,0.9277408298992207,0.9277555938887344,0.00020534361120898306,0.7949596746773294,0.7945108599562065,0.7905939314809526,0.7939940430046105,0.7951336942034111,0.793838440664502,0.0016696135526413109,1,0.9277439843322328,0.927505975716321,0.9281281982407763,0.9276589812551215,0.9277408298992207,0.9277555938887344,0.00020534361120898306,0.05555555555555555,0.06222222222222222,0.056666666666666664,0.04666666666666667,0.05005561735261402,0.05423334569274503,0.005407392784962082,29,0.6643512086690747,0.6596276743539872,0.6660183384273409,0.6626840789108086,0.6675,0.6640362600722423,0.0027309098644986165,0.07380073800738006,0.08145454545454546,0.0748349229640499,0.06382978723404255,0.06593406593406594,0.07197081191881678,0.006390798828757552,34,0.7096008309838254,0.7074951572045894,0.7063503757182849,0.7060390763765542,0.7090587193862495,0.7077088319339007,0.001419929599656695,0.7884393924379818,0.7885067351838689,0.784339998236916,0.787085991319645,0.7886043502776121,0.7873952934912047,0.0016259003957082747,1,0.9287583923806669,0.928517552362894,0.9291400931860315,0.9287512441424398,0.9288768420604335,0.9288088248264931,0.00020251601663242273
49,8.552820587158203,0.9174791698815835,8.9183678150177,0.13967589983519754,14,1,uniform,"{'n_neighbors': 14, 'p': 1, 'weights': 'uniform'}",0.7904443265739116,0.7919539760904157,0.7891114828566377,0.7907299359418989,0.7929031907080488,0.7910285824341826,0.0013020234273838152,12,0.8215377396661759,0.8215139388045847,0.8218641514822836,0.821231728588575,0.8209161260489344,0.8214127369181107,0.0003190702080553998,0.7904443265739116,0.7919539760904157,0.7891114828566377,0.7907299359418989,0.7929031907080488,0.7910285824341826,0.0013020234273838152,12,0.8215377396661759,0.8215139388045847,0.8218641514822836,0.821231728588575,0.8209161260489344,0.8214127369181107,0.0003190702080553998,0.023333333333333334,0.027777777777777776,0.025555555555555557,0.023333333333333334,0.020022246941045607,0.02400444938820912,0.0025846727965575873,47,0.03528757988330092,0.035009724923589884,0.038899694359544316,0.03806612948041123,0.04027777777777778,0.03750818128492483,0.0020538565837611936,0.04416403785488959,0.051493305870236865,0.04776739356178609,0.043388429752066124,0.037500000000000006,0.044862633407795734,0.004674893190631883,48,0.06588845654993515,0.06577916992952232,0.07223942208462332,0.07089262613195343,0.07493540051679588,0.06994701504256601,0.0036021140998802985,0.7828667932641913,0.7841746916638687,0.7811568729658482,0.7822306022883313,0.7838931927903884,0.7828644305945256,0.0011038688948120407,26,0.8171179985868676,0.8176047735117684,0.8175502350027635,0.8170428829140187,0.816946102575193,0.8172523985181221,0.000271533438924061
50,8.599458932876587,0.9084670177933459,7.824160575866699,0.15411022703482938,14,2,distance,"{'n_neighbors': 14, 'p': 2, 'weights': 'distance'}",0.7910971479864539,0.7905123288043848,0.7873842262026195,0.7910019448637915,0.7907542909991023,0.7901499877712704,0.001397773503168257,21,0.9277439843322328,0.927505975716321,0.9281281982407763,0.9276589812551215,0.9277408298992207,0.9277555938887344,0.00020534361120898306,0.7910971479864539,0.7905123288043848,0.7873842262026195,0.7910019448637915,0.7907542909991023,0.7901499877712704,0.001397773503168257,21,0.9277439843322328,0.927505975716321,0.9281281982407763,0.9276589812551215,0.9277408298992207,0.9277555938887344,0.00020534361120898306,0.05333333333333334,0.06111111111111111,0.051111111111111114,0.04888888888888889,0.054505005561735265,0.05378989000123595,0.004135596233699847,31,0.6643512086690747,0.6596276743539872,0.6660183384273409,0.6626840789108086,0.6675,0.6640362600722423,0.0027309098644986165,0.07100591715976332,0.07976794778825236,0.0679970436067997,0.0667172100075815,0.07158509861212566,0.0714146434349045,0.0045545510238504516,36,0.7096008309838254,0.7074951572045894,0.7063503757182849,0.7060390763765542,0.7090587193862495,0.7077088319339007,0.001419929599656695,0.7842659104791759,0.7843994685822342,0.7808687345820038,0.7839865019115518,0.7842137745597995,0.7835468780229531,0.00134568872919864,17,0.9287583923806669,0.928517552362894,0.9291400931860315,0.9287512441424398,0.9288768420604335,0.9288088248264931,0.00020251601663242273
51,8.52699589729309,0.8920880087798876,9.393724155426025,0.1599303297229792,14,2,uniform,"{'n_neighbors': 14, 'p': 2, 'weights': 'uniform'}",0.7870578154963482,0.7872074204033892,0.7839705142328668,0.7856297686564119,0.7885509887658787,0.7864833015109791,0.0015602796744605093,39,0.8175425950419405,0.817695600580741,0.8177126011961633,0.8172093829796638,0.8169175948971126,0.8174155549391241,0.00030765965229162095,0.7870578154963482,0.7872074204033892,0.7839705142328668,0.7856297686564119,0.7885509887658787,0.7864833015109791,0.0015602796744605093,39,0.8175425950419405,0.817695600580741,0.8177126011961633,0.8172093829796638,0.8169175948971126,0.8174155549391241,0.00030765965229162095,0.014444444444444444,0.021111111111111112,0.01888888888888889,0.022222222222222223,0.02224694104560623,0.01978272154245458,0.002935448836554132,51,0.03056404556821339,0.028063350930814114,0.03167546540705751,0.0333425951653237,0.0375,0.03222909141428175,0.00314498461438426,0.027571580063626724,0.039501039501039496,0.035453597497393116,0.04136504653567735,0.04179728317659352,0.037137709354866044,0.005282317665294235,51,0.05751633986928104,0.05328409390662094,0.05926696126852092,0.062386275019495716,0.07018455939693267,0.060527645892170266,0.005653968795855801,0.7778171125675785,0.7784960532548708,0.7747055764998434,0.7764458299659329,0.7798259342759886,0.777458101312843,0.0017557877082550945,47,0.8127885681227766,0.8134195056057887,0.8126760678787368,0.8124374588403648,0.812960568777658,0.812856433845065,0.00032880741614063424
