,mean_fit_time,std_fit_time,mean_score_time,std_score_time,param_base_estimator__criterion,param_base_estimator__max_depth,param_n_estimators,params,split0_test_accuracy,split1_test_accuracy,split2_test_accuracy,split3_test_accuracy,split4_test_accuracy,mean_test_accuracy,std_test_accuracy,rank_test_accuracy,split0_train_accuracy,split1_train_accuracy,split2_train_accuracy,split3_train_accuracy,split4_train_accuracy,mean_train_accuracy,std_train_accuracy,split0_test_recall_overall,split1_test_recall_overall,split2_test_recall_overall,split3_test_recall_overall,split4_test_recall_overall,mean_test_recall_overall,std_test_recall_overall,rank_test_recall_overall,split0_train_recall_overall,split1_train_recall_overall,split2_train_recall_overall,split3_train_recall_overall,split4_train_recall_overall,mean_train_recall_overall,std_train_recall_overall,split0_test_recall_deceased,split1_test_recall_deceased,split2_test_recall_deceased,split3_test_recall_deceased,split4_test_recall_deceased,mean_test_recall_deceased,std_test_recall_deceased,rank_test_recall_deceased,split0_train_recall_deceased,split1_train_recall_deceased,split2_train_recall_deceased,split3_train_recall_deceased,split4_train_recall_deceased,mean_train_recall_deceased,std_train_recall_deceased,split0_test_f1_deceased,split1_test_f1_deceased,split2_test_f1_deceased,split3_test_f1_deceased,split4_test_f1_deceased,mean_test_f1_deceased,std_test_f1_deceased,rank_test_f1_deceased,split0_train_f1_deceased,split1_train_f1_deceased,split2_train_f1_deceased,split3_train_f1_deceased,split4_train_f1_deceased,mean_train_f1_deceased,std_train_f1_deceased,split0_test_precison,split1_test_precison,split2_test_precison,split3_test_precison,split4_test_precison,mean_test_precison,std_test_precison,rank_test_precison,split0_train_precison,split1_train_precison,split2_train_precison,split3_train_precison,split4_train_precison,mean_train_precison,std_train_precison
0,40.39374976158142,0.22872365655703622,2.0681426525115967,0.031330352912534894,gini,8,30,"{'base_estimator__criterion': 'gini', 'base_estimator__max_depth': 8, 'n_estimators': 30}",0.7080528241326316,0.7116841432398983,0.6861017041358957,0.6874209474070749,0.688205532736719,0.696293030330444,0.011163903521554374,42,0.7141992540129952,0.7210301012896667,0.6941181270762001,0.6954135739713778,0.6937043535027949,0.703693081970607,0.011584097722279585,0.7080528241326316,0.7116841432398983,0.6861017041358957,0.6874209474070749,0.688205532736719,0.696293030330444,0.011163903521554374,42,0.7141992540129952,0.7210301012896667,0.6941181270762001,0.6954135739713778,0.6937043535027949,0.703693081970607,0.011584097722279585,0.20777777777777778,0.14777777777777779,0.2644444444444444,0.22333333333333333,0.2903225806451613,0.2267311827956989,0.049133640392915116,1,0.29702695193109196,0.23839955543206445,0.3667685468185607,0.3053626007224229,0.36194444444444446,0.3139004198697169,0.04724670560222493,0.05470235483399152,0.05703259005145798,0.051778527140215386,0.052377850162866446,0.05675763836033489,0.05452979210977325,0.0021659818753814995,38,0.07746376811594202,0.09136407198381429,0.07105369398465887,0.07238597068993909,0.07001235828273601,0.07645597261141805,0.007880821965949462,0.7462936836892928,0.7319852081224342,0.7382863555458499,0.735115254014437,0.7435383690808676,0.7390437740905764,0.0052648433914685945,42,0.7527927409652103,0.7403938877808784,0.7478951511569266,0.7424665680068856,0.7504600709516472,0.7468016837723096,0.004697346317469035
1,67.31859230995178,0.1895224810011306,2.4049532413482666,0.031909466618500686,gini,8,50,"{'base_estimator__criterion': 'gini', 'base_estimator__max_depth': 8, 'n_estimators': 50}",0.7018238198212902,0.7091952616045807,0.7038502862893903,0.7084336366232813,0.7212686668661425,0.7089143342409371,0.00676549335064733,38,0.7118361684692985,0.7197244540252357,0.7134750277960062,0.7200338652259212,0.7289873107837938,0.7188113652600511,0.006049925162540943,0.7018238198212902,0.7091952616045807,0.7038502862893903,0.7084336366232813,0.7212686668661425,0.7089143342409371,0.00676549335064733,38,0.7118361684692985,0.7197244540252357,0.7134750277960062,0.7200338652259212,0.7289873107837938,0.7188113652600511,0.006049925162540943,0.1988888888888889,0.17888888888888888,0.17777777777777778,0.14555555555555555,0.15016685205784205,0.17025559263379064,0.019822371490792363,6,0.2981383717699361,0.3106418449569325,0.30480689080300083,0.26896360100027783,0.26305555555555554,0.2891212528171406,0.019371293502407474,0.05395629238884703,0.04953846153846154,0.051455217880688214,0.04993329521631409,0.05850487540628385,0.05267762848611894,0.0033006608415286558,41,0.08024529783494747,0.08541849715399015,0.08749052917015591,0.09322033898305085,0.10376944992329608,0.09002882261308809,0.008030018768888458,0.7392289831920897,0.7449814830979096,0.7398951874807767,0.7376512893624282,0.7406521907103278,0.7404818267687064,0.002457707697977751,40,0.74969770461134,0.7555058673496063,0.7493101554686354,0.7479941949142761,0.7474875954072454,0.7499991035502206,0.00287114158872108
2,81.04977674484253,0.4169464889665845,2.57875075340271,0.04753261560045314,gini,8,60,"{'base_estimator__criterion': 'gini', 'base_estimator__max_depth': 8, 'n_estimators': 60}",0.7143770315666353,0.7050199246535286,0.7102560963999619,0.6832728113482123,0.7136387128362756,0.7053129153609227,0.011504470204417801,39,0.7252598544067296,0.7159197162937299,0.719092031131527,0.6959541935418062,0.7221530866212412,0.7156757763990067,0.010339064101129367,0.7143770315666353,0.7050199246535286,0.7102560963999619,0.6832728113482123,0.7136387128362756,0.7053129153609227,0.011504470204417801,39,0.7252598544067296,0.7159197162937299,0.719092031131527,0.6959541935418062,0.7221530866212412,0.7156757763990067,0.010339064101129367,0.19111111111111112,0.19555555555555557,0.21888888888888888,0.20666666666666667,0.18242491657397109,0.19892942775923866,0.012674012251993699,4,0.3159210891914421,0.34787440955821064,0.33203667685468186,0.3764934704084468,0.31666666666666665,0.3377984625358896,0.022615033840350112,0.05911668671593057,0.05579331114281186,0.06484529295589202,0.04526098065458085,0.054268696227663796,0.05585699353937581,0.006422108047346882,37,0.09778542248978714,0.09756857855361596,0.095657394436662,0.08208638759314231,0.09208772567551193,0.09303710174974386,0.005844077704982889,0.7404840499548198,0.7392783862468059,0.738865319650293,0.7378383840453808,0.744103777147579,0.7401139834089757,0.0021675396000174272,41,0.7519320044283019,0.7503273313803991,0.7490255790506789,0.75026256963208,0.753147569146512,0.7509390107275944,0.0014392158796460194
3,46.40012054443359,0.24576250290106735,2.134752130508423,0.033976991574118695,gini,10,30,"{'base_estimator__criterion': 'gini', 'base_estimator__max_depth': 10, 'n_estimators': 30}",0.7387898323064996,0.7230677166211051,0.742543555428618,0.7376609952806452,0.7356445339063733,0.7355413267086484,0.006628402384630446,36,0.7627394111666842,0.7482446864576497,0.7669215625605647,0.7645754776322903,0.7586736844968515,0.7602309644628081,0.006573084264803053,0.7387898323064996,0.7230677166211051,0.742543555428618,0.7376609952806452,0.7356445339063733,0.7355413267086484,0.006628402384630446,36,0.7627394111666842,0.7482446864576497,0.7669215625605647,0.7645754776322903,0.7586736844968515,0.7602309644628081,0.006573084264803053,0.13444444444444445,0.1811111111111111,0.1411111111111111,0.12111111111111111,0.1635150166852058,0.1482585588925967,0.021405370262960077,7,0.3820505696026674,0.4101139205334815,0.3648235621005835,0.3773270352875799,0.39166666666666666,0.3851963508381958,0.01516326385844375,0.05428443248093316,0.05807945840014253,0.06136748006764919,0.058040468583599576,0.06912767458264754,0.06017990282299439,0.005004369598004852,34,0.15129841549295775,0.13009563262967697,0.15616079923882015,0.17261980424558282,0.16286456829338725,0.15460784398008498,0.014190255115577475,0.7577963549959045,0.7521849402250559,0.7610439905511687,0.7537563650782217,0.7539477295544239,0.7557458760809549,0.0032294343111709304,36,0.781886608068936,0.7777061000168154,0.7847954998064475,0.7807227937603874,0.7770432845038667,0.7804308572312906,0.002833884016985133
4,77.00858283042908,0.5445155904492013,2.502967357635498,0.03085364610554694,gini,10,50,"{'base_estimator__criterion': 'gini', 'base_estimator__max_depth': 10, 'n_estimators': 50}",0.7428699661348892,0.73526731676799,0.7390210398901084,0.7394290532729474,0.7490955580338928,0.7411365868199655,0.004651652764408935,35,0.7749016514397821,0.7688868337033801,0.7714709272475664,0.7689378355496469,0.7801181878765624,0.7728630871633877,0.004241427394354791,0.7428699661348892,0.73526731676799,0.7390210398901084,0.7394290532729474,0.7490955580338928,0.7411365868199655,0.004651652764408935,35,0.7749016514397821,0.7688868337033801,0.7714709272475664,0.7689378355496469,0.7801181878765624,0.7728630871633877,0.004241427394354791,0.12555555555555556,0.15777777777777777,0.15444444444444444,0.12,0.10789766407119021,0.13313508836979357,0.019638015413818013,8,0.4331758821894971,0.46540705751597666,0.4395665462628508,0.43706585162545153,0.43027777777777776,0.44109862307431075,0.012564800085788193,0.05707070707070707,0.0634353361626089,0.07445099089448314,0.05801772763900081,0.06804629954401964,0.06420421226216391,0.006473156351993879,32,0.19766704703943197,0.18351136674883595,0.20594935884918314,0.2068648079957917,0.2609061815731851,0.21097975244128558,0.026331070206162405,0.757457996281495,0.7556471510748665,0.7546323671118542,0.756388615423667,0.7587427520741323,0.7565737763932031,0.0014246606177081614,35,0.7889687926363577,0.7889707462806715,0.7867671084525436,0.784877957774184,0.7892947997153247,0.7877758809718164,0.0017072455213062233
5,91.80095186233521,0.747632114798367,2.6772783756256104,0.024560113145730197,gini,10,60,"{'base_estimator__criterion': 'gini', 'base_estimator__max_depth': 10, 'n_estimators': 60}",0.7464060821194936,0.7370217743141975,0.7442980129748256,0.7445292205584343,0.7462394255093436,0.7436989030952589,0.00344718670518585,34,0.7780671660314104,0.772766374142744,0.7776897523690358,0.7767105169207126,0.7817298407387763,0.7773927300405358,0.0028713132539692956,0.7464060821194936,0.7370217743141975,0.7442980129748256,0.7445292205584343,0.7462394255093436,0.7436989030952589,0.00344718670518585,34,0.7780671660314104,0.772766374142744,0.7776897523690358,0.7767105169207126,0.7817298407387763,0.7773927300405358,0.0028713132539692956,0.10888888888888888,0.1411111111111111,0.1,0.11222222222222222,0.10344827586206896,0.11313409961685823,0.014614282474426631,10,0.432342317310364,0.4904140038899694,0.4495693248124479,0.4554042789663795,0.4602777777777778,0.4576015405513877,0.018927191037908308,0.057393850658857985,0.05638179800221975,0.05716100349317243,0.05971031628731894,0.06427090532135453,0.05898357475258472,0.0028671326704673514,36,0.22157351370594516,0.19374313940724477,0.24986487529920473,0.23008352635642593,0.2778336686787391,0.2346197446895119,0.028147950237619682,0.7585520363714561,0.7599162441691497,0.7556446877403853,0.7573933882301978,0.7559664196559266,0.7574945552334231,0.0015968898838846955,34,0.789854114426654,0.7945032801214913,0.788307529525127,0.7896914824679995,0.7902739087523618,0.7905260630587267,0.002095317070270454
6,50.10740294456482,0.5697052265244603,2.185071086883545,0.034449185468780244,gini,12,30,"{'base_estimator__criterion': 'gini', 'base_estimator__max_depth': 12, 'n_estimators': 30}",0.7764494675425354,0.7684252043467026,0.7619513920056578,0.7658547200348171,0.7740527160460245,0.7693466999951475,0.005297726917012651,30,0.8381915425338398,0.8271377423862744,0.8243394410877674,0.8255736857674247,0.8321296938539584,0.8294744211258529,0.005100637269248438,0.7764494675425354,0.7684252043467026,0.7619513920056578,0.7658547200348171,0.7740527160460245,0.7693466999951475,0.005297726917012651,30,0.8381915425338398,0.8271377423862744,0.8243394410877674,0.8255736857674247,0.8321296938539584,0.8294744211258529,0.005100637269248438,0.08222222222222222,0.07888888888888888,0.09666666666666666,0.1,0.07230255839822025,0.0860160672351996,0.010604111463055725,13,0.5181994998610725,0.5390386218393999,0.5290358432898027,0.5418171714365101,0.5305555555555556,0.5317293383964681,0.008329216202428732,0.08052230685527748,0.06313917296576255,0.06836935166994106,0.07200000000000001,0.0626808100289296,0.06934232830398214,0.006570491376762766,30,0.4728701825557809,0.39065646395489323,0.35542281127496733,0.362453531598513,0.4211686879823594,0.40051433547330273,0.04299074054163079,0.7747982944311265,0.7740325246480618,0.7678705639964492,0.7710204310001866,0.7748692633190394,0.7725182154789726,0.0027152657653283286,30,0.8380957478589449,0.8323903269926909,0.8301933834484664,0.8309238462857661,0.8340094430127709,0.8331225495197279,0.0028096171056696366
7,82.09204659461975,1.4056104862382803,2.5542652130126955,0.02692833345571406,gini,12,50,"{'base_estimator__criterion': 'gini', 'base_estimator__max_depth': 12, 'n_estimators': 50}",0.7794415656833544,0.7810192174303318,0.7689284208522039,0.7829232798835802,0.784212387454778,0.7793049742608498,0.005437002617963699,27,0.8449339866103153,0.8524380582577089,0.8430265175599356,0.8488271275420171,0.8519387435907898,0.8482328867121532,0.0037352104820862755,0.7794415656833544,0.7810192174303318,0.7689284208522039,0.7829232798835802,0.784212387454778,0.7793049742608498,0.005437002617963699,27,0.8449339866103153,0.8524380582577089,0.8430265175599356,0.8488271275420171,0.8519387435907898,0.8482328867121532,0.0037352104820862755,0.07222222222222222,0.06777777777777778,0.07777777777777778,0.07,0.067853170189099,0.07112618959337536,0.0037050704070559514,15,0.531536537927202,0.5529313698249514,0.5698805223673242,0.5690469574881911,0.5688888888888889,0.5584568552993115,0.01487758203209276,0.08365508365508366,0.08327645051194539,0.06796116504854369,0.08082103912764593,0.0791693705386113,0.078976621776366,0.005747274955655142,11,0.5507413271915935,0.6105230863629391,0.4492880613362541,0.5644205594598319,0.5768201661737783,0.5503586401048793,0.05428281288476194,0.7769625505715239,0.7780650247215513,0.7713732593682974,0.7804535150239567,0.7816158853044445,0.7776940469979546,0.003567086969539511,27,0.8449073306792262,0.8519036871607099,0.8459990498845977,0.8489784604578701,0.8517544602818283,0.8487085976928463,0.0028757601348019346
8,96.60207343101501,1.2230380481404202,2.74929518699646,0.02817118638819354,gini,12,60,"{'base_estimator__criterion': 'gini', 'base_estimator__max_depth': 12, 'n_estimators': 60}",0.7794823670216383,0.7800807866498021,0.7774423001074435,0.7788839473934746,0.7792209558523515,0.7790220714049421,0.0008817097756988079,28,0.8508434005310992,0.8484123125257135,0.852349655057513,0.8498607649596915,0.8481578195764821,0.8499247905301,0.001558055688901422,0.7794823670216383,0.7800807866498021,0.7774423001074435,0.7788839473934746,0.7792209558523515,0.7790220714049421,0.0008817097756988079,28,0.8508434005310992,0.8484123125257135,0.852349655057513,0.8498607649596915,0.8481578195764821,0.8499247905301,0.001558055688901422,0.06111111111111111,0.06222222222222222,0.05333333333333334,0.06888888888888889,0.06451612903225806,0.06201433691756273,0.005093864642456712,17,0.5423728813559322,0.5609891636565713,0.5740483467629898,0.575993331480967,0.5586111111111111,0.5624029668735142,0.012148203311061794,0.07105943152454781,0.06858542559706061,0.0653505786249149,0.07612031921424188,0.06904761904761907,0.07003267480167687,0.003552478953325648,29,0.5517241379310345,0.5467840216655383,0.5995356935577482,0.5512564818508179,0.5252709938618257,0.5549142657733929,0.02432880003315281,0.7770089662921876,0.7785849589224291,0.7745991252048156,0.7768879338675507,0.7781191751322252,0.7770400318838415,0.00138083119883271,29,0.8507183616421625,0.84851859856562,0.852253686300139,0.8500175848933607,0.8488401612849814,0.8500696785372528,0.001349885563943101
9,51.27921833992004,1.2435407004989616,2.2026970863342283,0.03945617599419858,gini,14,30,"{'base_estimator__criterion': 'gini', 'base_estimator__max_depth': 14, 'n_estimators': 30}",0.7914099582466305,0.7907027350497097,0.7928924068709454,0.7948508711085723,0.7917607376982292,0.7923233417948174,0.001448405923119899,23,0.8853716504537464,0.8867623007952888,0.8941847694886554,0.8907982468965376,0.8843656071919159,0.8882965149652289,0.0036685388219521308,0.7914099582466305,0.7907027350497097,0.7928924068709454,0.7948508711085723,0.7917607376982292,0.7923233417948174,0.001448405923119899,23,0.8853716504537464,0.8867623007952888,0.8941847694886554,0.8907982468965376,0.8843656071919159,0.8882965149652289,0.0036685388219521308,0.06,0.06777777777777778,0.056666666666666664,0.05,0.05116796440489433,0.05712248176986776,0.0064530494372986415,25,0.5554320644623506,0.5698805223673242,0.5632120033342595,0.5548763545429286,0.5594444444444444,0.5605690778302614,0.0055452476880155695,0.08314087759815242,0.090169992609017,0.07816091954022988,0.06864988558352401,0.06980273141122914,0.07798488134843048,0.008113962616757073,17,0.6564860426929392,0.6625747052172508,0.6598307291666666,0.6603835978835979,0.6530479896238651,0.6584646129168639,0.0033375495099693835,0.7867025526869874,0.786650669654555,0.7878680571290124,0.7899660584635566,0.7868849077940006,0.7876144491456223,0.0012559490464054317,23,0.8851492875236243,0.8864032997330294,0.8937639826409796,0.8905158826615104,0.8840411549721913,0.887974721506267,0.0036303838298584615
10,79.55707864761352,1.0469099692726207,2.5618497848510744,0.03164902166068385,gini,14,50,"{'base_estimator__criterion': 'gini', 'base_estimator__max_depth': 14, 'n_estimators': 50}",0.7940076434507052,0.7938580385436642,0.7911787506630218,0.7917635698450909,0.7945352664363626,0.7930686537877689,0.0013364700115843292,22,0.8900672204333797,0.8908866500967335,0.890278028064616,0.8912266624051791,0.8904654072653583,0.8905847936530533,0.00041936930767195205,0.7940076434507052,0.7938580385436642,0.7911787506630218,0.7917635698450909,0.7945352664363626,0.7930686537877689,0.0013364700115843292,22,0.8900672204333797,0.8908866500967335,0.890278028064616,0.8912266624051791,0.8904654072653583,0.8905847936530533,0.00041936930767195205,0.05444444444444444,0.05333333333333334,0.052222222222222225,0.05444444444444444,0.05116796440489433,0.05312248176986776,0.0012782984307956704,40,0.5690469574881911,0.5654348430119478,0.5648791330925257,0.5537649347040845,0.5608333333333333,0.5627918403260164,0.005211324586919331,0.07413010590015129,0.07378939277478863,0.07389937106918239,0.07740916271721959,0.07071483474250577,0.07398857344076953,0.002120634692752662,25,0.6704861679489278,0.6662301522344083,0.6710678329757386,0.6588429752066116,0.6604514229636899,0.6654157102658752,0.005023232874175748,0.7893036960249298,0.7893757744675722,0.7862810830216903,0.7866942796857695,0.7898115951895398,0.7882932856779002,0.0014902184078055961,22,0.889912500382665,0.8905887711082364,0.8901059392446241,0.8908741094182975,0.8902268127415253,0.8903416265790696,0.00034568726378610544
11,90.7103660106659,1.1948396877810696,2.7184987545013426,0.02489983583973057,gini,14,60,"{'base_estimator__criterion': 'gini', 'base_estimator__max_depth': 14, 'n_estimators': 60}",0.7966461299930637,0.7934364247147306,0.7914915609231983,0.796265317502414,0.7975410059026738,0.7950760878072161,0.0022579835690147215,21,0.8958780307847144,0.889934615633086,0.8941269673962198,0.888360358644983,0.8951065594951514,0.8926813063908309,0.0029801253246800785,0.7966461299930637,0.7934364247147306,0.7914915609231983,0.796265317502414,0.7975410059026738,0.7950760878072161,0.0022579835690147215,21,0.8958780307847144,0.889934615633086,0.8941269673962198,0.888360358644983,0.8951065594951514,0.8926813063908309,0.0029801253246800785,0.056666666666666664,0.05333333333333334,0.05555555555555555,0.06111111111111111,0.05116796440489433,0.05556692621431221,0.003355215244451387,32,0.5640455682133926,0.5579327590997499,0.5632120033342595,0.5643234231731037,0.5738888888888889,0.5646805285418789,0.00515778165247597,0.07634730538922156,0.0747081712062257,0.0778816199376947,0.08064516129032258,0.07060629316960859,0.07603771019861463,0.0033464136846977363,22,0.6527331189710611,0.6719089844403547,0.6680949241924852,0.6336973478939157,0.6726355201041836,0.6598139791204,0.014909541409782769,0.7920206033302011,0.7891505825716921,0.7866785916980924,0.7917494240185526,0.7928510640418752,0.7904900531320826,0.0022726368429538415,21,0.8954974633509898,0.889884566304147,0.8938624904854539,0.8878401974898993,0.8948989669643302,0.892396736918964,0.003003236450579472
12,50.41275906562805,0.9406624033676271,2.2058876037597654,0.02983600066208103,gini,16,30,"{'base_estimator__criterion': 'gini', 'base_estimator__max_depth': 16, 'n_estimators': 30}",0.7997198308104506,0.7962109157180356,0.7967005317774423,0.8011750785425762,0.8031308652721486,0.7993874444241306,0.0026316971819795986,18,0.9132254587616072,0.908104873396417,0.9107977708793058,0.9118484089124026,0.9136677683028004,0.9115288560505066,0.001990661355275105,0.7997198308104506,0.7962109157180356,0.7967005317774423,0.8011750785425762,0.8031308652721486,0.7993874444241306,0.0026316971819795986,18,0.9132254587616072,0.908104873396417,0.9107977708793058,0.9118484089124026,0.9136677683028004,0.9115288560505066,0.001990661355275105,0.06333333333333334,0.05333333333333334,0.06,0.05444444444444444,0.054505005561735265,0.057123223334569276,0.0038790590882106083,23,0.5726590719644346,0.549319255348708,0.5540427896637955,0.5640455682133926,0.5427777777777778,0.5565688925936216,0.010620054939282694,0.08775981524249422,0.07547169811320754,0.084375,0.07674236491777604,0.0783373301358913,0.08053724168187382,0.004728517523660293,5,0.6798614547253834,0.6740538697579269,0.6730801687763713,0.676441186271243,0.6726333907056798,0.6752140140473208,0.002670711656741166,0.7944423771911597,0.7915689782533213,0.7918881590321062,0.7960439674534159,0.7972343539122029,0.7942355671684412,0.0022327931078147973,18,0.9129447314482857,0.9080382904204327,0.9106365310191328,0.9116157875585152,0.913589692909393,0.9113650066711518,0.001954756663728768
13,75.93000106811523,0.9234834292509555,2.5445053577423096,0.02764051176384448,gini,16,50,"{'base_estimator__criterion': 'gini', 'base_estimator__max_depth': 16, 'n_estimators': 50}",0.8019775048621595,0.7983189848627035,0.7967821344540101,0.8012022794347654,0.8030628621168022,0.8002687531460883,0.0023476138933774295,17,0.913164256546087,0.9105189607863805,0.9094173209070169,0.9149765221501018,0.9115324982659431,0.9119219117311059,0.001963005595886874,0.8019775048621595,0.7983189848627035,0.7967821344540101,0.8012022794347654,0.8030628621168022,0.8002687531460883,0.0023476138933774295,17,0.913164256546087,0.9105189607863805,0.9094173209070169,0.9149765221501018,0.9115324982659431,0.9119219117311059,0.001963005595886874,0.057777777777777775,0.057777777777777775,0.05555555555555555,0.05333333333333334,0.048943270300333706,0.054677542948955625,0.0033070409862744994,36,0.5459849958321756,0.5595998888580161,0.5618227285357044,0.5737704918032787,0.5586111111111111,0.5599578432280572,0.008848156202821983,0.08273667462211613,0.08049535603715169,0.07974481658692185,0.07553107789142408,0.07079646017699115,0.07786087706292097,0.004233132635572099,18,0.6720246238030095,0.6770885863170282,0.6771600803750837,0.6790529431108188,0.6760800134476382,0.6762812494107158,0.0023351993571613,0.7960210893327884,0.793257762971191,0.7914531630897432,0.7954790621063327,0.7973025374403143,0.794702722988074,0.002085539566381892,17,0.9129833621761305,0.9102947711308392,0.9092260182080248,0.9146299652174887,0.9113115813059628,0.9116891396076892,0.0019223552259577626
14,87.69036769866943,2.7966186041255603,2.720234775543213,0.0498539685077342,gini,16,60,"{'base_estimator__criterion': 'gini', 'base_estimator__max_depth': 16, 'n_estimators': 60}",0.8014334870183742,0.7993798196580848,0.7970133420376189,0.8008350673902104,0.8028860539129016,0.800309554003438,0.001995352640599904,16,0.9114233935268456,0.9098695372772494,0.9097675335847157,0.9120966178975679,0.9131951528010118,0.911270447017478,0.0013139056433130538,0.8014334870183742,0.7993798196580848,0.7970133420376189,0.8008350673902104,0.8028860539129016,0.800309554003438,0.001995352640599904,16,0.9114233935268456,0.9098695372772494,0.9097675335847157,0.9120966178975679,0.9131951528010118,0.911270447017478,0.0013139056433130538,0.05555555555555555,0.07111111111111111,0.06222222222222222,0.043333333333333335,0.05339265850945495,0.057122976146335436,0.009254151027791035,24,0.5662684078910809,0.5621005834954154,0.5737704918032787,0.5534870797443734,0.5611111111111111,0.5633475348090519,0.006647624909434305,0.078125,0.09961089494163423,0.0856269113149847,0.06341463414634146,0.07529411764705883,0.08041431161000384,0.011967676257544935,6,0.6773014290461948,0.6735475278841351,0.6787181594083813,0.6691299966409137,0.6753594115680375,0.6748113049095326,0.0033358371427052677,0.7958974623782725,0.7946112970624064,0.79225993832668,0.7948963468782371,0.7969679019545218,0.7949265893200235,0.0015697708813896959,16,0.9111622448348228,0.9096265692373746,0.9095291463808589,0.911840069742193,0.9129442698540001,0.91102046000985,0.0013084231113825106
15,47.20667428970337,1.0854163131029775,2.1837502002716063,0.037277368151592744,gini,18,30,"{'base_estimator__criterion': 'gini', 'base_estimator__max_depth': 18, 'n_estimators': 30}",0.8036503597317992,0.8023719177989038,0.7965781277625906,0.8025759244903233,0.8028316513886244,0.8016015962344483,0.0025490552720960212,13,0.9213007510871893,0.9211953472715713,0.9196380908988906,0.9201651099769812,0.9205563942497313,0.9205711386968727,0.0006257196653851097,0.8036503597317992,0.8023719177989038,0.7965781277625906,0.8025759244903233,0.8028316513886244,0.8016015962344483,0.0025490552720960212,13,0.9213007510871893,0.9211953472715713,0.9196380908988906,0.9201651099769812,0.9205563942497313,0.9205711386968727,0.0006257196653851097,0.07,0.057777777777777775,0.05,0.04666666666666667,0.047830923248053395,0.054455073538499564,0.008684139923564625,39,0.5815504306751875,0.594887468741317,0.5684912475687691,0.558488469019172,0.5627777777777778,0.5732390787564448,0.013321355534843708,0.09523809523809525,0.07749627421758569,0.07075471698113209,0.06698564593301436,0.06852589641434263,0.07580012575683401,0.010361246970910112,23,0.684434270765206,0.6861079955135395,0.6795084689471936,0.6749496306245802,0.6791820315119008,0.6808364794724842,0.003997218606098936,0.7984019744812101,0.7973785512594455,0.7913764981664306,0.7970510477570245,0.7971329697956725,0.7962682082919568,0.002493002113693584,12,0.9209871860666349,0.9208187978909322,0.9194186079124029,0.9199136174052844,0.9203110334805955,0.9202898485511699,0.0005774298124478887
16,73.08018708229065,1.939151431348523,2.5241343498229982,0.0454780419136906,gini,18,50,"{'base_estimator__criterion': 'gini', 'base_estimator__max_depth': 18, 'n_estimators': 50}",0.8051328083561141,0.8043167815904362,0.7991758129666653,0.8042351789138684,0.80575578706852,0.8037232737791207,0.0023414352959335036,8,0.9218855722577157,0.9199441019764916,0.9184990496655979,0.9202807141618526,0.9215798278183525,0.9204378531760021,0.0012188058575565255,0.8051328083561141,0.8043167815904362,0.7991758129666653,0.8042351789138684,0.80575578706852,0.8037232737791207,0.0023414352959335036,8,0.9218855722577157,0.9199441019764916,0.9184990496655979,0.9202807141618526,0.9215798278183525,0.9204378531760021,0.0012188058575565255,0.06333333333333334,0.06666666666666667,0.056666666666666664,0.05444444444444444,0.05228031145717464,0.058678284513657156,0.005447748090019719,19,0.5937760489024729,0.548763545429286,0.5615448735759934,0.5501528202278411,0.5580555555555555,0.5624585687382299,0.016370650797127823,0.08577878103837472,0.09309542280837858,0.0797498045347928,0.08032786885245902,0.07355242566510173,0.08250086057982137,0.006562837818816198,2,0.6871382636655949,0.6734867860187553,0.6768251841929003,0.671414038657172,0.6787162162162163,0.6775160977501278,0.00544011398747279,0.8000030155285192,0.7988238513004472,0.7936418985104595,0.7983851986386007,0.8000802398173612,0.7981868407590775,0.0023658013064720286,8,0.9215476389703393,0.9197873900926492,0.9182517086571409,0.9201703083824812,0.9213895017008885,0.9202293095606997,0.0011994763460365886
17,85.83386116027832,2.821431023864907,2.704396295547485,0.04069291264813735,gini,18,60,"{'base_estimator__criterion': 'gini', 'base_estimator__max_depth': 18, 'n_estimators': 60}",0.8048471989881268,0.8025895249364179,0.8004270540073715,0.8052960137092496,0.8037564943013356,0.8033832571885002,0.0017498695482162424,10,0.9212871505948516,0.9203181155157817,0.9203385162542884,0.919648291268144,0.92005317774423,0.9203290502754591,0.0005399451593026403,0.8048471989881268,0.8025895249364179,0.8004270540073715,0.8052960137092496,0.8037564943013356,0.8033832571885002,0.0017498695482162424,10,0.9212871505948516,0.9203181155157817,0.9203385162542884,0.919648291268144,0.92005317774423,0.9203290502754591,0.0005399451593026403,0.06333333333333334,0.058888888888888886,0.052222222222222225,0.05333333333333334,0.054505005561735265,0.05645655666790261,0.00411579788752842,29,0.5787718810780772,0.5523756599055293,0.5457071408724645,0.5529313698249514,0.5827777777777777,0.56251276589176,0.015179081882885213,0.08878504672897196,0.08313725490196078,0.07544141252006421,0.07547169811320754,0.07550077041602465,0.07966723653604582,0.005440497429001476,9,0.6820563195808775,0.6774578292724485,0.6713382327807212,0.6708242036069442,0.6830538824678495,0.6769460935417683,0.00514989335586276,0.7993865184316031,0.7973254770035362,0.7947231093528705,0.7995793394922341,0.798537248399059,0.7979103385358606,0.0017809087641113103,10,0.9210154942632959,0.9202142519487543,0.9202027800975592,0.9194723374700269,0.9197716900244012,0.9201353107608075,0.0005210106418955424
18,46.163845443725585,0.7633719226387364,2.409960699081421,0.45840286746163855,gini,20,30,"{'base_estimator__criterion': 'gini', 'base_estimator__max_depth': 20, 'n_estimators': 30}",0.8044935873896664,0.8050376052334517,0.8020999088770112,0.8054728195084799,0.807251856486141,0.8048711554989498,0.0016661217123395539,4,0.9260881243901029,0.9234088273995519,0.9262853315290014,0.9250034851261616,0.9254491547322752,0.9252469846354187,0.0010261254446863684,0.8044935873896664,0.8050376052334517,0.8020999088770112,0.8054728195084799,0.807251856486141,0.8048711554989498,0.0016661217123395539,4,0.9260881243901029,0.9234088273995519,0.9262853315290014,0.9250034851261616,0.9254491547322752,0.9252469846354187,0.0010261254446863684,0.058888888888888886,0.06333333333333334,0.05444444444444444,0.052222222222222225,0.05561735261401557,0.056901248300580895,0.0038704002723314247,27,0.5532092247846624,0.5509863851069742,0.559044178938594,0.5476521255904417,0.6133333333333333,0.5648450495508011,0.024526782897463417,0.08281250000000001,0.08850931677018635,0.07602792862684252,0.07599029911075182,0.07524454477050414,0.07971691785565696,0.00518434870157438,8,0.6758316361167684,0.6757539614925882,0.6768713204373423,0.6740766073871408,0.6929232700455045,0.6790913590958689,0.006973694623756503,0.7987594886726204,0.7998747598000239,0.7964870814351466,0.7993929163758441,0.8020470766041331,0.7993122645775537,0.00179384076204154,4,0.9259348366223963,0.923231355922257,0.9260439540397951,0.9250095450205306,0.9250703317901197,0.9250580046790198,0.0010079758306319245
19,73.24690833091736,0.21912119331236932,2.5518327236175535,0.04069718979832348,gini,20,50,"{'base_estimator__criterion': 'gini', 'base_estimator__max_depth': 20, 'n_estimators': 50}",0.8049832034490731,0.805024004787357,0.8011614780964815,0.8066424578726182,0.8071430514375867,0.8049908391286233,0.002098810447723961,3,0.9242690585399191,0.922977011767826,0.9234428286303964,0.9231538181682177,0.9245413249554585,0.9236768084123635,0.0006190524605268236,0.8049832034490731,0.805024004787357,0.8011614780964815,0.8066424578726182,0.8071430514375867,0.8049908391286233,0.002098810447723961,3,0.9242690585399191,0.922977011767826,0.9234428286303964,0.9231538181682177,0.9245413249554585,0.9236768084123635,0.0006190524605268236,0.06222222222222222,0.06333333333333334,0.056666666666666664,0.04777777777777778,0.05116796440489433,0.056233592880978865,0.006060015671575304,30,0.5873853848291192,0.5648791330925257,0.5701583773270353,0.5570991942206168,0.5530555555555555,0.5665155290049705,0.012011138693983797,0.08484848484848485,0.08682406702208682,0.07858243451463791,0.06891025641025642,0.07348242811501599,0.07852953418209639,0.006734018050277092,12,0.6830371567043619,0.6801605888256942,0.6780109036841235,0.6755390835579514,0.67675050985724,0.6786996485258742,0.0026537145920822055,0.7996012653025882,0.7996723986415581,0.7955951502739228,0.8010875263710544,0.801544358641138,0.7995001398460524,0.0020970202417224734,2,0.9239514890722043,0.9227238256142019,0.9231275180779855,0.9229592779768747,0.9243900252501069,0.9234304271982745,0.0006333017006352707
20,86.70325660705566,0.7605734546572765,2.7232502937316894,0.045953684314788336,gini,20,60,"{'base_estimator__criterion': 'gini', 'base_estimator__max_depth': 20, 'n_estimators': 60}",0.804806397649843,0.8027527302895535,0.8028207325200266,0.804248779359963,0.8081358975056443,0.8045529074650061,0.001961409529518676,5,0.9224193915819753,0.9234836301074099,0.9250578870955128,0.9214877578568345,0.9221986481156582,0.9229294629514782,0.001241778344132792,0.804806397649843,0.8027527302895535,0.8028207325200266,0.804248779359963,0.8081358975056443,0.8045529074650061,0.001961409529518676,5,0.9224193915819753,0.9234836301074099,0.9250578870955128,0.9214877578568345,0.9221986481156582,0.9229294629514782,0.001241778344132792,0.05444444444444444,0.06111111111111111,0.058888888888888886,0.057777777777777775,0.054505005561735265,0.0573454455567915,0.0025781106397919375,22,0.5665462628507919,0.5937760489024729,0.5784940261183662,0.576549041400389,0.5769444444444445,0.5784619647432929,0.008746065363698305,0.07656249999999999,0.08172362555720653,0.08268330733229329,0.08144087705559908,0.07526881720430108,0.07953582542988,0.003012319927528726,10,0.678197239314818,0.6850456803974996,0.6809484873262469,0.678659035159444,0.6795354163258629,0.6804771717047743,0.0024691709331067535,0.7989983780425158,0.7975896500250965,0.7975002158505166,0.7986330230329487,0.8026049349906161,0.7990652403883387,0.0018626534308378404,5,0.9221578330850366,0.9231333076930958,0.9247482557924926,0.921152283171645,0.921870932379532,0.9226125224243603,0.001242704404187851
21,42.05595803260803,0.5887653394383969,2.1157085418701174,0.032523892575318576,entropy,8,30,"{'base_estimator__criterion': 'entropy', 'base_estimator__max_depth': 8, 'n_estimators': 30}",0.6992261346172155,0.6803895167761502,0.6992941368476886,0.7130169869571722,0.7070560073987433,0.6997965565193939,0.010997185151652785,40,0.707742420275614,0.6897625694050125,0.7091874725865076,0.7192824380242565,0.7141934255443578,0.7080336651671497,0.00999726536801346,0.6992261346172155,0.6803895167761502,0.6992941368476886,0.7130169869571722,0.7070560073987433,0.6997965565193939,0.010997185151652785,40,0.707742420275614,0.6897625694050125,0.7091874725865076,0.7192824380242565,0.7141934255443578,0.7080336651671497,0.00999726536801346,0.19555555555555557,0.2644444444444444,0.21444444444444444,0.16333333333333333,0.21245828698553948,0.21004721295266346,0.03279146962232448,3,0.28507918866351767,0.3684356765768269,0.2911919977771603,0.29285912753542653,0.31083333333333335,0.30967986477725296,0.030605579892435977,0.04754829123328381,0.049434001453941216,0.055675753642002015,0.05121059048946178,0.05610221765310618,0.051994170894358996,0.003387164344260431,42,0.0698077904405511,0.06957342987564931,0.07588978601687243,0.09142163240523896,0.08125771548907124,0.07759007084547662,0.00815457051783313,0.7405027551008535,0.735478067958853,0.7465406326004038,0.7421727498122174,0.7483550642677508,0.7426098539480156,0.004559643832680858,39,0.748490000847707,0.7440924498246622,0.7561233542063422,0.7477075308032873,0.7558883986096354,0.7504603468583267,0.004765370296301532
22,69.41624002456665,0.21822010436995046,2.4443013191223146,0.022362032769613658,entropy,8,50,"{'base_estimator__criterion': 'entropy', 'base_estimator__max_depth': 8, 'n_estimators': 50}",0.6910114651760578,0.6886041862173079,0.7193547948372707,0.6945475811606621,0.6998068710388162,0.698664979686023,0.011010187891633964,41,0.7007721679524799,0.6982798777315739,0.7280649559514054,0.7056207434709136,0.7081616277013886,0.7081798745615523,0.010534229931112577,0.6910114651760578,0.6886041862173079,0.7193547948372707,0.6945475811606621,0.6998068710388162,0.698664979686023,0.011010187891633964,41,0.7007721679524799,0.6982798777315739,0.7280649559514054,0.7056207434709136,0.7081616277013886,0.7081798745615523,0.010534229931112577,0.20444444444444446,0.2222222222222222,0.15777777777777777,0.22555555555555556,0.24026696329254726,0.21005339265850945,0.028514759438304487,2,0.3414837454848569,0.3581550430675188,0.2839677688246735,0.3559322033898305,0.37833333333333335,0.3435744188200426,0.0320337797324216,0.04808571801907749,0.04892367906066536,0.06025885847655421,0.04951219512195123,0.05758464409490802,0.05287301895463127,0.005031117362694331,40,0.07980001298616972,0.07899494407844337,0.10527942312644863,0.07888173896979586,0.09014792997319389,0.08662080982681028,0.010248460786632926,0.7386730609108113,0.7459985207863568,0.7455532010212191,0.7409948108244248,0.7492756821652246,0.7440990551416073,0.0037841174265556693,38,0.7481392865913048,0.7539588900219902,0.7543123498868558,0.7515585805109622,0.7573352149828289,0.7530608643987884,0.0030699030556939244
23,83.26032090187073,0.5760910425931848,2.623656702041626,0.02663322907082459,entropy,8,60,"{'base_estimator__criterion': 'entropy', 'base_estimator__max_depth': 8, 'n_estimators': 60}",0.708406435731092,0.7008581881485713,0.7197764086662043,0.7038502862893903,0.7239071892935832,0.7113597016257682,0.008985268917835805,37,0.7194116427014658,0.7115675587456266,0.731777890359631,0.7165147378335096,0.734859303385151,0.7228262266050768,0.00897974494612844,0.708406435731092,0.7008581881485713,0.7197764086662043,0.7038502862893903,0.7239071892935832,0.7113597016257682,0.008985268917835805,37,0.7194116427014658,0.7115675587456266,0.731777890359631,0.7165147378335096,0.734859303385151,0.7228262266050768,0.00897974494612844,0.1688888888888889,0.21555555555555556,0.16777777777777778,0.17777777777777778,0.1457174638487208,0.17514349276974417,0.022800610874352045,5,0.3359266462906363,0.3584328980272298,0.3081411503195332,0.30953042511808837,0.3030555555555556,0.32301733506220864,0.02108356075207904,0.04986876640419948,0.05617489503402346,0.06192331351240517,0.04872849093954621,0.054788791300710994,0.054296851438177064,0.0047443977922753885,39,0.09811718876805714,0.09464416727806309,0.11228674125449299,0.08553111443817422,0.1129399585921325,0.100703834066184,0.01055943368499532,0.7503553322622513,0.736161984108233,0.7478027088195355,0.7423465572010298,0.7522048910319563,0.7457742946846011,0.005841212844026502,37,0.7610061688478648,0.7453914464671224,0.7595139675830607,0.753964124591799,0.7625709719511319,0.7564893358881958,0.006262209127312191
24,47.45417175292969,0.5681388584705054,2.1408316612243654,0.029178682232726853,entropy,10,30,"{'base_estimator__criterion': 'entropy', 'base_estimator__max_depth': 10, 'n_estimators': 30}",0.7458892651678976,0.7433867830864852,0.7478885307438083,0.7516150529737375,0.7368957919647472,0.7451350847873351,0.004921031303130984,33,0.7728819783276154,0.7669963652684227,0.7779889632004678,0.7777917560615695,0.7604927441620085,0.7712303614040168,0.006703455584540981,0.7458892651678976,0.7433867830864852,0.7478885307438083,0.7516150529737375,0.7368957919647472,0.7451350847873351,0.004921031303130984,33,0.7728819783276154,0.7669963652684227,0.7779889632004678,0.7777917560615695,0.7604927441620085,0.7712303614040168,0.006703455584540981,0.11777777777777777,0.12111111111111111,0.14,0.09,0.13681868743047831,0.12114151526387344,0.01779059190078859,9,0.3867741039177549,0.39233120311197556,0.41039177549319256,0.38816337871631007,0.39111111111111113,0.39375431447006887,0.008553347662612495,0.06051955466742792,0.06042128603104213,0.06610703043022036,0.05355371900826445,0.058809466889792016,0.05988221140534937,0.004016111965416265,35,0.1936291556544721,0.1880410174457318,0.1880211316911718,0.21826419810952272,0.16394015252954533,0.19037913108608873,0.017310032618406673,0.7573469747525308,0.7581585632810198,0.7629172521071416,0.7636300387906217,0.7571583905868962,0.7598422439036421,0.0028308049300051724,33,0.7844848632626719,0.7814920717143058,0.7933378106863338,0.7900768206717597,0.7806844801403843,0.786015209295091,0.004926146241934115
25,79.06131920814514,0.37819345330510523,2.5073084354400637,0.02578601498778495,entropy,10,50,"{'base_estimator__criterion': 'entropy', 'base_estimator__max_depth': 10, 'n_estimators': 50}",0.7541447359473391,0.7485005508180669,0.7474669169148748,0.7463380798890203,0.7509180425971765,0.7494736652332955,0.0027824813930997314,32,0.7900083983040186,0.781385686161839,0.7825213272720473,0.7816440955162577,0.7821276537870442,0.7835374322082413,0.003259082126254244,0.7541447359473391,0.7485005508180669,0.7474669169148748,0.7463380798890203,0.7509180425971765,0.7494736652332955,0.0027824813930997314,32,0.7900083983040186,0.781385686161839,0.7825213272720473,0.7816440955162577,0.7821276537870442,0.7835374322082413,0.003259082126254244,0.10222222222222223,0.10555555555555556,0.11555555555555555,0.11666666666666667,0.11123470522803114,0.11024694104560624,0.005599556288772484,12,0.45623784384551264,0.4490136148930258,0.4554042789663795,0.46985273687135315,0.44083333333333335,0.4542683615819209,0.00955148437320172,0.06657018813314039,0.05790917403230722,0.06390168970814132,0.06327206990057246,0.06329113924050632,0.06298885220293356,0.002815455891694363,33,0.2809478997347934,0.23981598278548638,0.23853878620288166,0.23771701693962183,0.24290196678656154,0.24798433048986895,0.016575797156178303,0.7612697745265133,0.7625643116907133,0.7586039177963724,0.7618910658745439,0.7610324127703938,0.7610722965317074,0.001343873083693208,32,0.7971593780697898,0.7941578229297171,0.7938866476327535,0.7980174246698483,0.7921254510660075,0.7950693448736232,0.0021888613027914597
26,94.16293988227844,0.5424922482648733,2.682774782180786,0.03168062116082776,entropy,10,60,"{'base_estimator__criterion': 'entropy', 'base_estimator__max_depth': 10, 'n_estimators': 60}",0.7575312470249024,0.7550015640513009,0.7476573231601996,0.7500374012267602,0.7531485460925387,0.7526752163111403,0.0035029784263323756,31,0.7954689959776544,0.7897363884572621,0.7848606119541527,0.7824091232102602,0.7856501693255539,0.7876250577849767,0.004576754357505452,0.7575312470249024,0.7550015640513009,0.7476573231601996,0.7500374012267602,0.7531485460925387,0.7526752163111403,0.0035029784263323756,31,0.7954689959776544,0.7897363884572621,0.7848606119541527,0.7824091232102602,0.7856501693255539,0.7876250577849767,0.004576754357505452,0.09666666666666666,0.11444444444444445,0.12,0.11333333333333333,0.10789766407119021,0.11046842170312694,0.007898920143999493,11,0.46262850791886634,0.4637399277577105,0.4820783550986385,0.4712420116699083,0.4666666666666667,0.46927109382235804,0.007062736649344686,0.061987887424296395,0.0750728862973761,0.06317636735887686,0.06176203451407811,0.05911029859841561,0.06422189483860861,0.005585826016181954,31,0.2878381882617339,0.29311556023884794,0.24048790629981287,0.24576148384292132,0.2410675850193715,0.2616541447325375,0.02366354817674897,0.7661004737511057,0.7645641515317911,0.7614422155207361,0.7639005449197268,0.7636998250806408,0.7639414421608001,0.0015070082657248564,31,0.803386334499311,0.7980938371684606,0.7987443057569033,0.7952674606838132,0.7967346981572427,0.7984453272531461,0.002744141901149787
27,51.81599583625793,0.4714581074461147,2.1954325675964355,0.029280767561047638,entropy,12,30,"{'base_estimator__criterion': 'entropy', 'base_estimator__max_depth': 12, 'n_estimators': 30}",0.7806248044935874,0.7799175812966666,0.774395800182246,0.7760958559440749,0.767021189783206,0.7756110463399561,0.004882243611252748,29,0.8416562679569001,0.84028261823078,0.839813401245125,0.8395549918907065,0.8254960762713017,0.8373606711189627,0.005976444875318249,0.7806248044935874,0.7799175812966666,0.774395800182246,0.7760958559440749,0.767021189783206,0.7756110463399561,0.004882243611252748,29,0.8416562679569001,0.84028261823078,0.839813401245125,0.8395549918907065,0.8254960762713017,0.8373606711189627,0.005976444875318249,0.08444444444444445,0.08444444444444445,0.07777777777777778,0.06888888888888889,0.07452725250278086,0.07801656161166728,0.005969624117725675,14,0.5298694081689358,0.5323701028063351,0.5354265073631564,0.5257015837732704,0.545,0.5336735204223395,0.006497446333642386,0.0781491002570694,0.08360836083608361,0.07782101167315175,0.07159353348729791,0.05228248146703083,0.0726908975441267,0.010890442665132664,27,0.45990594477269986,0.48549347523121755,0.4936595363135648,0.4843830005120328,0.3483046334102609,0.4543493180479552,0.05421000850316267,0.7816233850831641,0.7803014311586475,0.7745013786778934,0.7758041428202236,0.7740227187423343,0.7772506112964525,0.0031144339391266773,28,0.8429557691731927,0.8411699401068423,0.8405733256117595,0.8405386274364658,0.8328815474940423,0.8396238419644606,0.0034839358424712218
28,85.36722211837768,0.8508544627785795,2.587312126159668,0.038202876740074714,entropy,12,50,"{'base_estimator__criterion': 'entropy', 'base_estimator__max_depth': 12, 'n_estimators': 50}",0.7817264406272526,0.7808696125232908,0.7793191616685027,0.7807608089545337,0.7810026385224275,0.7807357324592015,0.0007845976074485235,26,0.8551445562329356,0.845416804088308,0.8514282217016256,0.8546413380164362,0.8568451045194282,0.8526952049117467,0.00403952442029938,0.7817264406272526,0.7808696125232908,0.7793191616685027,0.7807608089545337,0.7810026385224275,0.7807357324592015,0.0007845976074485235,26,0.8551445562329356,0.845416804088308,0.8514282217016256,0.8546413380164362,0.8568451045194282,0.8526952049117467,0.00403952442029938,0.07333333333333333,0.07444444444444444,0.06,0.06333333333333334,0.06117908787541713,0.06645803979730566,0.006170732894844316,16,0.5621005834954154,0.5559877743817727,0.5643234231731037,0.5609891636565713,0.5636111111111111,0.5614024111635947,0.002945748672371595,0.08894878706199462,0.08023952095808382,0.060982495765104464,0.07178841309823678,0.070242656449553,0.07444037466659453,0.009485698401931121,24,0.6024419297200714,0.53682092555332,0.5157440325038091,0.5472286217644667,0.5548263604047032,0.551412373989274,0.02869953168882278,0.7786333443868739,0.7795538261561836,0.7788195708771379,0.7788175715775939,0.778634240198767,0.7788917106393113,0.00034121601709019,26,0.8548224678705321,0.8457391698180822,0.8521157600122028,0.8550348726873581,0.8569365181203403,0.8529297577017031,0.003909862818283112
29,102.415456533432,1.116850939368969,2.7658799648284913,0.043634916800885874,entropy,12,60,"{'base_estimator__criterion': 'entropy', 'base_estimator__max_depth': 12, 'n_estimators': 60}",0.7891794850871109,0.7831816883593782,0.7850585499204374,0.7894106926707196,0.7862252808530316,0.7866111393781355,0.002398101475519208,25,0.8627744324344542,0.854848745524588,0.8655013311481876,0.8646921018540871,0.8635195234403689,0.8622672268803372,0.003826194423383092,0.7891794850871109,0.7831816883593782,0.7850585499204374,0.7894106926707196,0.7862252808530316,0.7866111393781355,0.002398101475519208,25,0.8627744324344542,0.854848745524588,0.8655013311481876,0.8646921018540871,0.8635195234403689,0.8622672268803372,0.003826194423383092,0.06111111111111111,0.06444444444444444,0.06444444444444444,0.057777777777777775,0.060066740823136816,0.06156890372018291,0.002583647509515684,18,0.5632120033342595,0.5507085301472632,0.5626562934148375,0.5543206446235065,0.5708333333333333,0.5603461609706399,0.0071094489753421,0.08046817849305048,0.075619295958279,0.0838756326825741,0.07849056603773585,0.06367924528301885,0.07642658369093165,0.0069170686352162634,20,0.6414556962025316,0.5649137808180134,0.641736650293139,0.6337357052096569,0.5365535248041775,0.6036790714655036,0.04424350955414897,0.7851778841927817,0.7804699359849798,0.7811330568463171,0.7857971006897903,0.7845881046466822,0.7834332164721103,0.0021925941847707447,25,0.862591847770979,0.8545449829782404,0.865180420771284,0.8645399365907335,0.8638653665473061,0.8621445109317086,0.003895358572840016
30,55.70769910812378,0.7130513816759354,2.2215554237365724,0.02432416889229213,entropy,14,30,"{'base_estimator__criterion': 'entropy', 'base_estimator__max_depth': 14, 'n_estimators': 30}",0.795122880030465,0.7922939872427815,0.7905531301426687,0.7908795408489399,0.7908630960476566,0.7919425268625023,0.0017008059304946558,24,0.8955006171223399,0.8921344952687287,0.88847256270677,0.8803326680425831,0.8833727746270078,0.8879626235534859,0.0055456078631440555,0.795122880030465,0.7922939872427815,0.7905531301426687,0.7908795408489399,0.7908630960476566,0.7919425268625023,0.0017008059304946558,24,0.8955006171223399,0.8921344952687287,0.88847256270677,0.8803326680425831,0.8833727746270078,0.8879626235534859,0.0055456078631440555,0.051111111111111114,0.05333333333333334,0.05555555555555555,0.05555555555555555,0.048943270300333706,0.05289976517117785,0.0025747839323854048,41,0.5698805223673242,0.5615448735759934,0.5754376215615449,0.5637677132536816,0.5655555555555556,0.5672372572628199,0.004929541831572294,0.07104247104247104,0.07517619420516837,0.07390983000739099,0.07407407407407407,0.06513693560325685,0.07186790098647226,0.0036323190229465598,28,0.6799270677938007,0.6755808123015211,0.6538279400157853,0.6430042782443353,0.6440999683644417,0.6592880133439769,0.015601762761295034,0.7899220148023021,0.7877646277843139,0.7857622380881153,0.7863577979494126,0.7862659967911731,0.7872145350830634,0.0015083725255354687,24,0.8953708151055945,0.8920769628238728,0.8879894592479186,0.8798381513622018,0.8829800965111546,0.8876510970101485,0.005694860666207192
31,85.30595965385437,1.45098473809612,2.6016841411590574,0.036600092327652954,entropy,14,50,"{'base_estimator__criterion': 'entropy', 'base_estimator__max_depth': 14, 'n_estimators': 50}",0.7994614223346526,0.7945652617405851,0.7946740653093421,0.7977613665728236,0.7978402197861981,0.7968604671487203,0.0019279431397731489,19,0.9000499818093415,0.8951980061678233,0.9004851975641518,0.8981425127589618,0.8934575054061773,0.8974666407412911,0.0027372251757638182,0.7994614223346526,0.7945652617405851,0.7946740653093421,0.7977613665728236,0.7978402197861981,0.7968604671487203,0.0019279431397731489,19,0.9000499818093415,0.8951980061678233,0.9004851975641518,0.8981425127589618,0.8934575054061773,0.8974666407412911,0.0027372251757638182,0.056666666666666664,0.06222222222222222,0.05,0.05444444444444444,0.05116796440489433,0.054900259547645526,0.004356183411961079,35,0.5545984995832176,0.558766323978883,0.5662684078910809,0.5534870797443734,0.5677777777777778,0.5601796177950665,0.005877784368648918,0.08121019108280253,0.08715953307392996,0.07182761372705507,0.07802547770700637,0.07193119624706802,0.07803080236757239,0.0058159609592719225,16,0.6754653130287649,0.6759663865546218,0.6762900282064045,0.6710459828196058,0.6753675863208327,0.674827059386046,0.0019201261024918697,0.7941462713270415,0.7900176180397528,0.7894905066354346,0.7925635685457811,0.7921625050944371,0.7916760939284895,0.0017119180756155704,19,0.8999179005234305,0.8951134426023974,0.9003020037061242,0.8980109189408872,0.8932067056281008,0.8973101942801881,0.002753412704044304
32,99.29629211425781,2.7638958646814076,2.7700108528137206,0.041120365338315625,entropy,14,60,"{'base_estimator__criterion': 'entropy', 'base_estimator__max_depth': 14, 'n_estimators': 60}",0.7971357460524705,0.7968093353461994,0.7907435363879936,0.7974213554204578,0.7972417920191497,0.7958703530452542,0.0025711324154299047,20,0.8983125189131846,0.8979623062354857,0.8964322508474807,0.8974352871573951,0.8969256191603084,0.897413596462771,0.0006798199080832659,0.7971357460524705,0.7968093353461994,0.7907435363879936,0.7974213554204578,0.7972417920191497,0.7958703530452542,0.0025711324154299047,20,0.8983125189131846,0.8979623062354857,0.8964322508474807,0.8974352871573951,0.8969256191603084,0.897413596462771,0.0006798199080832659,0.051111111111111114,0.056666666666666664,0.052222222222222225,0.05,0.047830923248053395,0.05156618464961068,0.002934535947064607,42,0.5540427896637955,0.5498749652681301,0.5640455682133926,0.5607113086968603,0.5733333333333334,0.5604015930351023,0.008146762037660859,0.07238394964594808,0.08108108108108109,0.07413249211356468,0.07217321571772255,0.06605222734254992,0.07316459318017325,0.004812184336437135,26,0.674104124408384,0.6740463215258856,0.674754861226525,0.671659177899817,0.677832512315271,0.6744793994751765,0.001979963763047383,0.7920073255870703,0.7918084287351524,0.7856408823319473,0.7921331352748161,0.7920534397182415,0.7907286423294455,0.0025461327499711806,20,0.8981989411544354,0.8979141459125141,0.8962311340007507,0.8972893484257093,0.8966389404786205,0.897254501994406,0.0007422274219702278
33,53.64331946372986,1.4001022410423214,2.2220115661621094,0.03956430081149157,entropy,16,30,"{'base_estimator__criterion': 'entropy', 'base_estimator__max_depth': 16, 'n_estimators': 30}",0.800739864267548,0.7989446053830566,0.7989854067213404,0.7992302147510438,0.8058645921170743,0.8007529366480126,0.0026397764489640633,14,0.9112431870033695,0.9127868428837124,0.9144189019642511,0.9083088807814843,0.9136031661838508,0.9120721957633335,0.0021545958370561193,0.800739864267548,0.7989446053830566,0.7989854067213404,0.7992302147510438,0.8058645921170743,0.8007529366480126,0.0026397764489640633,14,0.9112431870033695,0.9127868428837124,0.9144189019642511,0.9083088807814843,0.9136031661838508,0.9120721957633335,0.0021545958370561193,0.06666666666666667,0.06222222222222222,0.051111111111111114,0.057777777777777775,0.05339265850945495,0.05823408725744654,0.005681514865499306,20,0.549041400388997,0.5662684078910809,0.5598777438177271,0.548763545429286,0.555,0.5557902195054182,0.006664014432071084,0.0947119179163378,0.08695652173913042,0.07389558232931727,0.08366854384553499,0.07760711398544867,0.08336793596315382,0.007274156896134732,1,0.6757865937072504,0.6786546786546787,0.6773109243697478,0.671882973294778,0.6763710223425863,0.6760012384738081,0.0022759148714182184,0.7958403231199764,0.7936690289302123,0.7934185061368993,0.793507553079984,0.8003197176140662,0.7953510257762277,0.002641569518229411,14,0.9111836828550858,0.912480554877387,0.9142412764910269,0.9081406760461075,0.9134365257772424,0.9118965432093699,0.002136590654881018
34,81.33501839637756,1.6942403378692357,2.5603373527526854,0.0305274385471905,entropy,16,50,"{'base_estimator__criterion': 'entropy', 'base_estimator__max_depth': 16, 'n_estimators': 50}",0.8004950562378446,0.7978429692493914,0.7994206209963687,0.8017326968324561,0.8029812583303866,0.8004945203292895,0.0017833076085100347,15,0.9124740315599424,0.9129908502687797,0.9159829585831007,0.9137626782089512,0.9125321310538985,0.9135485299349344,0.0013016084188073752,0.8004950562378446,0.7978429692493914,0.7994206209963687,0.8017326968324561,0.8029812583303866,0.8004945203292895,0.0017833076085100347,15,0.9124740315599424,0.9129908502687797,0.9159829585831007,0.9137626782089512,0.9125321310538985,0.9135485299349344,0.0013016084188073752,0.05333333333333334,0.057777777777777775,0.06222222222222222,0.056666666666666664,0.04560622914349277,0.055121245828698553,0.005542590133053546,34,0.5629341483745485,0.5757154765212559,0.5712697971658794,0.5576549041400389,0.5452777777777778,0.5625704207959001,0.010693939812314238,0.07517619420516837,0.07920792079207921,0.08784313725490196,0.08108108108108109,0.06699346405228758,0.07806035947710363,0.006883879439528285,15,0.678386070651264,0.6819154187921672,0.6804567267913288,0.6722492044883603,0.6732978905848054,0.6772610622615851,0.0038462032826137786,0.7949265581414912,0.7932470720026384,0.79445857844566,0.7964976754057229,0.7968146818349399,0.7951889131660905,0.0013212833482168385,15,0.9122929896564291,0.9127956848464016,0.9157404585900041,0.9135424755057324,0.9124492196808223,0.913364165655878,0.0012638257080105266
35,96.31117630004883,1.8244615096181127,2.756739950180054,0.02985328556767483,entropy,16,60,"{'base_estimator__criterion': 'entropy', 'base_estimator__max_depth': 16, 'n_estimators': 60}",0.804806397649843,0.8005222571300339,0.7989854067213404,0.8013518843418064,0.8035252835731578,0.8018382458832363,0.00208629270755615,12,0.915693948120922,0.9145549068876293,0.9144597034412646,0.9133308625772253,0.9132495545853904,0.9142577951224864,0.0009019235809315111,0.804806397649843,0.8005222571300339,0.7989854067213404,0.8013518843418064,0.8035252835731578,0.8018382458832363,0.00208629270755615,12,0.915693948120922,0.9145549068876293,0.9144597034412646,0.9133308625772253,0.9132495545853904,0.9142577951224864,0.0009019235809315111,0.06222222222222222,0.056666666666666664,0.06222222222222222,0.05333333333333334,0.05116796440489433,0.05712248176986776,0.004517441658614499,25,0.5823839955543206,0.5470964156710197,0.5832175604334537,0.5532092247846624,0.5611111111111111,0.5654036615109135,0.014885914585915533,0.08602150537634409,0.08146964856230032,0.08602150537634409,0.07735697018533441,0.07284243863816312,0.08074241362769721,0.005101711912056029,4,0.6854153041203401,0.6718989933458455,0.6812723141837066,0.6729761703565996,0.6770571476453829,0.677723985930375,0.005072750211146198,0.7991125149318319,0.7948757391534572,0.7934798389636555,0.7958023011997801,0.7978993672162544,0.7962339522929958,0.0020335159483935734,13,0.9153907482043138,0.91437911231261,0.91408127969983,0.9131656084632914,0.9130283475093063,0.9140090192378703,0.0008630671085057466
36,52.046129846572875,1.4523986572132526,2.2129891872406007,0.05065013902282443,entropy,18,30,"{'base_estimator__criterion': 'entropy', 'base_estimator__max_depth': 18, 'n_estimators': 30}",0.8041943775755844,0.8010118731894406,0.79918941341276,0.8032967481333387,0.8033212741071186,0.8022027372836484,0.0018391788090831,11,0.9211987473946557,0.9209947400095884,0.9204609206853288,0.9224057910896375,0.9203999891196432,0.9210920376597705,0.0007244365661751679,0.8041943775755844,0.8010118731894406,0.79918941341276,0.8032967481333387,0.8033212741071186,0.8022027372836484,0.0018391788090831,11,0.9211987473946557,0.9209947400095884,0.9204609206853288,0.9224057910896375,0.9203999891196432,0.9210920376597705,0.0007244365661751679,0.06444444444444444,0.06333333333333334,0.051111111111111114,0.05333333333333334,0.04449388209121246,0.055343220862686934,0.007567466162289351,33,0.5465407057515976,0.5609891636565713,0.5623784384551265,0.5743262017227008,0.5522222222222222,0.5592913463616437,0.009497483339849705,0.09235668789808918,0.08749040675364543,0.0717628705148206,0.0759493670886076,0.064,0.07831186645103257,0.01034217466385635,14,0.6747855917667238,0.6803706823925864,0.6766967569374791,0.6795988821305278,0.6724167089463893,0.6767737244347412,0.002961817078199765,0.7986539742912167,0.7962144640005566,0.794105425930313,0.797623468927432,0.7972582296047567,0.7967711125508551,0.0015443254525971555,11,0.921098643976596,0.9208001332561376,0.920246530947898,0.9220916897093336,0.9201956033195624,0.9208865202419055,0.0006916422666920269
37,78.82192063331604,3.114969936087376,2.559119367599487,0.0517475126739218,entropy,18,50,"{'base_estimator__criterion': 'entropy', 'base_estimator__max_depth': 18, 'n_estimators': 50}",0.8057720293225618,0.8019231030777809,0.8025215227059448,0.8057448284303725,0.8059597965345592,0.8043842560142439,0.001776876424542363,7,0.9206071259779603,0.9224533928128198,0.9205935254856226,0.9214163552720609,0.9199817754022332,0.9210104349901395,0.0008534062098862812,0.8057720293225618,0.8019231030777809,0.8025215227059448,0.8057448284303725,0.8059597965345592,0.8043842560142439,0.001776876424542363,7,0.9206071259779603,0.9224533928128198,0.9205935254856226,0.9214163552720609,0.9199817754022332,0.9210104349901395,0.0008534062098862812,0.06111111111111111,0.06222222222222222,0.05555555555555555,0.06111111111111111,0.048943270300333706,0.05778865406006674,0.00499923016370214,21,0.5659905529313698,0.5559877743817727,0.5640455682133926,0.558488469019172,0.5622222222222222,0.5613469173535859,0.0036470088217140932,0.08560311284046691,0.08736349453978158,0.07782101167315175,0.08764940239043824,0.07091055600322321,0.08186951548941233,0.0065424739012786256,3,0.6795663052543787,0.6776159837453437,0.6768922974324775,0.6729159691998661,0.6786253143336126,0.6771231739931357,0.0022900678406018627,0.8001678274670079,0.7967459567296357,0.7971223353551277,0.8002075050346634,0.8001504863142527,0.7988788221801374,0.001592383334744707,7,0.9203219390567228,0.9222578928285516,0.9203285090442981,0.9211455462992022,0.9197761615910595,0.9207660097639667,0.0008646580986869206
38,94.62678775787353,3.7719487816944754,2.7589457988739015,0.06227786039934888,entropy,18,60,"{'base_estimator__criterion': 'entropy', 'base_estimator__max_depth': 18, 'n_estimators': 60}",0.8052144110326819,0.8027255293973642,0.7996926299182613,0.8029703374270676,0.8074150640589723,0.8036035943668693,0.0025918984125707714,9,0.9176218179098083,0.9214503565029054,0.9191518732978133,0.9199101007456469,0.9179621091571804,0.9192192515226709,0.0013850518388503065,0.8052144110326819,0.8027255293973642,0.7996926299182613,0.8029703374270676,0.8074150640589723,0.8036035943668693,0.0025918984125707714,9,0.9176218179098083,0.9214503565029054,0.9191518732978133,0.9199101007456469,0.9179621091571804,0.9192192515226709,0.0013850518388503065,0.058888888888888886,0.06888888888888889,0.05,0.05555555555555555,0.05116796440489433,0.05690025954764553,0.006781782927717462,28,0.5618227285357044,0.5662684078910809,0.5726590719644346,0.5687691025284801,0.5758333333333333,0.5690705288506066,0.004880297434697425,0.08339889850511407,0.09575289575289575,0.06880733944954129,0.07836990595611285,0.07307386814932486,0.07988058156259777,0.00933315692610338,7,0.6762541806020067,0.6809221516872703,0.6754055382598722,0.6736876748395589,0.6785597381342061,0.6769658567045829,0.002525085379379876,0.799383375885783,0.7974171118532472,0.7943464433108413,0.7972901636469848,0.8016827650166056,0.7980239719426924,0.002435804444502942,9,0.9173622582328276,0.9212596680144994,0.9188133958848569,0.919581060896866,0.9176535021289849,0.9189339770316071,0.0014108162068971976
39,50.359126043319705,2.0424266948884506,2.2179022789001466,0.020195175561737364,entropy,20,30,"{'base_estimator__criterion': 'entropy', 'base_estimator__max_depth': 20, 'n_estimators': 30}",0.803215145456771,0.8064248507351041,0.8023447169067145,0.8053368150475335,0.8086935233794849,0.8052030103051215,0.0022722643804988086,1,0.9222493854277525,0.9243370610016083,0.9241840554628078,0.9241840554628078,0.9243509187101336,0.923861095213022,0.000809034680102674,0.803215145456771,0.8064248507351041,0.8023447169067145,0.8053368150475335,0.8086935233794849,0.8052030103051215,0.0022722643804988086,1,0.9222493854277525,0.9243370610016083,0.9241840554628078,0.9241840554628078,0.9243509187101336,0.923861095213022,0.000809034680102674,0.06,0.06111111111111111,0.05555555555555555,0.056666666666666664,0.04004449388209121,0.054675565443084904,0.007597012216649855,37,0.5734926368435677,0.5626562934148375,0.5468185607113087,0.5704362322867463,0.5619444444444445,0.5630696335401809,0.009256781769113938,0.08181818181818182,0.08709422011084718,0.08038585209003214,0.07864302235929066,0.057971014492753624,0.07718245817422108,0.010012067788786548,19,0.6818632309217048,0.6801007556675063,0.6747814160809189,0.6782292699041956,0.6789729820439672,0.6787895309236586,0.0023485941889960357,0.7976696050070298,0.8009888670990534,0.7960942788647382,0.7995999587648684,0.8025000365387012,0.7993705492548782,0.002284400622975595,3,0.9219591629717288,0.9241896402950327,0.9242214069631106,0.9238961720158859,0.9241357942844717,0.923680435306046,0.0008681719450255877
40,77.74437842369079,1.467977613173561,2.5525556087493895,0.017358389844049558,entropy,20,50,"{'base_estimator__criterion': 'entropy', 'base_estimator__max_depth': 20, 'n_estimators': 50}",0.8050784065717356,0.8047791967576536,0.8015422905871312,0.8035143552708529,0.8077414792046351,0.8045311456784017,0.0020314715189953154,6,0.9229974125063327,0.9235074309690011,0.924476466048071,0.9236502361385482,0.9235994940634052,0.9236462079450718,0.00047575655562373813,0.8050784065717356,0.8047791967576536,0.8015422905871312,0.8035143552708529,0.8077414792046351,0.8045311456784017,0.0020314715189953154,6,0.9229974125063327,0.9235074309690011,0.924476466048071,0.9236502361385482,0.9235994940634052,0.9236462079450718,0.00047575655562373813,0.05444444444444444,0.056666666666666664,0.05444444444444444,0.05555555555555555,0.05116796440489433,0.05445581510320109,0.0018388863203765663,38,0.5671019727702139,0.5662684078910809,0.5793275909974993,0.5729369269241456,0.5544444444444444,0.5680158686054768,0.008249172767673667,0.07503828483920368,0.07888631090487239,0.07486631016042782,0.07818608287724785,0.07461476074614762,0.07631834990557987,0.0018293196640902397,21,0.677847891066091,0.6789938364151258,0.6804830287206267,0.6782894736842104,0.6758083629592009,0.6782845185690509,0.0015269966225922823,0.7994372451084995,0.7995693647877342,0.7961690291859048,0.7975124054399879,0.8017121020286412,0.7988800293101536,0.0018987482957623957,6,0.9227336126662756,0.9232062925943367,0.9241263654662063,0.9234541806520963,0.9234022516358116,0.9233845406029453,0.0004496547733969035
41,92.87616081237793,3.230827280680719,2.7592471122741697,0.05598895645598083,entropy,20,60,"{'base_estimator__criterion': 'entropy', 'base_estimator__max_depth': 20, 'n_estimators': 60}",0.804806397649843,0.804765596311559,0.8001686455315734,0.8054728195084799,0.8107200174088077,0.8051866952820526,0.003352679369151957,2,0.9180094319414362,0.9237930413080954,0.9205935254856226,0.9231708187836399,0.9235042909407428,0.9218142216919073,0.002217157688658842,0.804806397649843,0.804765596311559,0.8001686455315734,0.8054728195084799,0.8107200174088077,0.8051866952820526,0.003352679369151957,2,0.9180094319414362,0.9237930413080954,0.9205935254856226,0.9231708187836399,0.9235042909407428,0.9218142216919073,0.002217157688658842,0.057777777777777775,0.058888888888888886,0.05555555555555555,0.05,0.05672969966629588,0.05579038437770362,0.0030989182551704225,31,0.5621005834954154,0.5743262017227008,0.5793275909974993,0.5570991942206168,0.5491666666666667,0.5644040474205798,0.011063506654353114,0.08112324492979718,0.0803639120545868,0.07674597083653108,0.07171314741035857,0.0819935691318328,0.07838796887262128,0.003785124539566668,13,0.6743333333333333,0.6807179318294089,0.6815952925792743,0.6734968088679879,0.674053869757927,0.6768394472735861,0.0035460960987894,0.7989212037878783,0.7998918848250235,0.7946774789507495,0.7996452768668243,0.8048382633785363,0.7995948215618023,0.0032316711981715245,1,0.9177484469171591,0.923493337342711,0.9202877110190788,0.9229279608216604,0.9233411493897292,0.9215597210980677,0.002232857317618287
